Sc-Mn-Al-C,-0.097803999
Lu-Mo-Ga-C,-0.08823092
Sc-Cr-Al-C,-0.086763805
Sc-Mn-Ga-C,-0.08619245
Sc-Cr-Ga-C,-0.078315464
Lu-Cr-Al-C,-0.076292664
Lu-Cr-Ga-C,-0.071040246
Lu-Mo-Al-C,-0.067676481
Zr-Cr-Ga-C,-0.061979943
W-Sc-Ga-C,-0.061503659
Zr-Cr-Al-C,-0.061290478
Y-Mo-Al-C,-0.060662484
Mo-Sc-Ga-C,-0.059335235
Lu-W-Al-C,-0.058402625
Sc-Mo-Ga-C,-0.057087492
Mo-Lu-Ga-C,-0.055982158
Hf-V-Zn-C,-0.054675493
W-Ti-Ga-C,-0.054285866
Mo-Sc-In-C,-0.053198583
Lu-Mn-Al-C,-0.049668233
W-Lu-Ga-C,-0.049395904
Zr-V-Al-C,-0.048757584
Sc-Cr-Zn-C,-0.048334314
Lu-Nb-Al-C,-0.047447651
Lu-Mn-Ga-C,-0.046593849
Lu-Mo-Zn-C,-0.041925175
Sc-Mo-Zn-C,-0.039928306
Lu-V-Al-C,-0.03847596
Y-Mo-Ga-C,-0.038295144
Sc-V-Al-C,-0.036738316
Sc-V-Ga-C,-0.035784254
W-Ti-P-C,-0.035665404
Sc-W-Al-C,-0.035626317
Y-Cr-Al-C,-0.034340115
Zr-Mo-Ga-C,-0.033145146
Zr-V-Ga-C,-0.033031242
Sc-Nb-Ga-C,-0.032574739
W-Sc-Ge-C,-0.031656588
Hf-Ta-Ga-C,-0.031115193
Sc-Mo-Al-C,-0.030980638
W-Sc-Sn-C,-0.029813948
Lu-Mn-Zn-C,-0.029536845
Y-Nb-Al-C,-0.029242377
Lu-Nb-Ga-C,-0.029241835
W-Ti-Al-C,-0.028807684
Hf-V-Al-C,-0.028782291
Ta-Hf-Ga-C,-0.028694215
Ta-Lu-Ga-C,-0.027801106
Nb-Cr-Al-C,-0.027210346
Sc-Nb-In-C,-0.027042541
Sc-Nb-Al-C,-0.026880695
Zr-Ti-Al-C,-0.026433396
Zr-Ti-Zn-C,-0.025285232
Lu-V-Ga-C,-0.024864698
Lu-Ta-Al-C,-0.024436576
Sc-Mn-Cu-C,-0.024318189
Nb-Lu-Ga-C,-0.024261761
Sc-Mo-Ge-C,-0.024203223
Ti-Cr-Ga-C,-0.02388807
Y-W-Al-C,-0.023677527
Ta-Sc-Ga-C,-0.022986361
Zr-Ti-Zn-N,-0.022768119
W-Sc-Al-C,-0.022750498
Zr-V-Al-N,-0.022387612
Hf-Cr-Al-C,-0.021564638
Ta-Cr-Al-C,-0.021333059
Zr-Mn-Ga-C,-0.021164754
Zr-Mn-Zn-C,-0.021027134
W-Sc-Si-C,-0.020966975
Zr-Nb-Al-C,-0.020937503
Sc-Ta-Al-C,-0.020514317
Zr-Mn-Al-C,-0.020311697
Mo-Lu-In-C,-0.020134124
Nb-Sc-Ga-C,-0.019460248
W-Ti-As-C,-0.019105754
Zr-V-Ga-N,-0.018470612
Hf-V-Ga-C,-0.018015413
Y-Ti-Al-N,-0.017695214
Hf-Ta-Al-C,-0.016860508
Mo-Ti-Ga-C,-0.016618632
Sc-Ta-Ga-C,-0.016423558
Zr-Ta-Ga-C,-0.016366105
Ti-Ta-As-C,-0.016017175
Ta-Zr-Ga-C,-0.015612143
Nb-Ti-S-C,-0.015551886
Lu-Zr-Tl-N,-0.015345404
Sc-Hf-In-N,-0.014944153
Zr-Ti-Al-N,-0.014808664
Lu-Ti-Al-C,-0.01477148
Zr-Nb-In-C,-0.014540849
Mo-Sc-Al-C,-0.014236276
Zr-Nb-Ga-C,-0.013777503
Nb-Sc-In-C,-0.013480394
Nb-Lu-Sn-C,-0.013399882
Zr-Ta-Al-C,-0.013057834
Lu-Ti-Al-N,-0.013025744
Ti-Cr-Al-C,-0.01299731
Lu-Sc-Cd-C,-0.012751949
Sc-Cr-Si-C,-0.012720173
Hf-Cr-Ga-C,-0.012489741
Ta-V-Zn-C,-0.012230517
Ta-Ti-Ge-C,-0.012020025
Mo-Zr-Ga-C,-0.011751861
Sc-Mo-Sn-C,-0.011564997
Hf-V-Ga-N,-0.011556062
Lu-Ta-Ga-C,-0.011230625
Ti-V-Ga-C,-0.011229931
Zr-Ti-Ga-C,-0.010808706
W-Zr-Ga-C,-0.010649371
Ti-Ta-Ga-C,-0.0105869
Ti-Ta-Al-C,-0.010442001
Mo-Sc-Cd-C,-0.010425885
Hf-Nb-Ga-C,-0.010214853
Hf-Ta-P-C,-0.009989391
Hf-Ti-Al-C,-0.009936149
Mo-Sc-Tl-C,-0.009844847
V-Ti-Ga-C,-0.00983239
Ti-Nb-As-C,-0.009403141
Sc-Zr-Pb-C,-0.00933661
Sc-Ti-Zn-N,-0.009283295
Hf-V-Al-N,-0.008702503
Nb-Cr-Ga-C,-0.00869302
Nb-Sc-Pb-C,-0.008624491
Sc-Mn-Ni-C,-0.008353302
Mo-Ti-P-C,-0.008176355
Nb-Zr-Ga-C,-0.008089332
Sc-Hf-Tl-N,-0.007955707
Ta-Ti-Ga-C,-0.007821475
Zr-Mo-Al-C,-0.007726114
Ti-Nb-In-C,-0.007726047
Ti-Cr-Ge-C,-0.007674855
Sc-Ti-Ga-N,-0.007538256
Mo-Lu-Tl-C,-0.007160505
Mn-Sc-Ga-C,-0.007036081
Nb-Hf-In-C,-0.006928768
Hf-Ti-Zn-C,-0.006636045
Hf-Ti-Ga-N,-0.006509355
Ta-Sc-In-C,-0.006283532
Ti-V-Ga-N,-0.006278611
Lu-Nb-Zn-C,-0.005917339
Ta-Ti-Al-C,-0.00590688
Ti-V-Al-C,-0.005859958
Zr-V-Zn-N,-0.005683343
Hf-Ti-Ga-C,-0.00564762
V-Cr-Al-C,-0.005591483
Nb-Ti-In-C,-0.00548539
Sc-V-Ga-N,-0.005461152
Ta-Hf-P-C,-0.005369739
Y-Ti-Ga-N,-0.004743632
Ta-Hf-Al-C,-0.004738445
Hf-Ti-Al-N,-0.004719059
Zr-W-Al-C,-0.004612218
Nb-Ti-P-C,-0.004512408
Nb-Ti-Ge-C,-0.004277668
Y-Mn-Ga-C,-0.003830297
Y-Mn-Zn-C,-0.003632787
Zr-Ti-Ga-N,-0.003579384
Zr-Nb-Zn-C,-0.003564078
Sc-Mn-Fe-C,-0.003497451
V-Cr-Ga-C,-0.003324357
Y-V-Al-C,-0.003304356
Sc-Zr-Sn-C,-0.003147218
Sc-Ti-In-N,-0.003089512
Hf-Zr-In-N,-0.002962764
Cr-Cr-Al-C,-0.002948984
Hf-Ti-Cd-N,-0.002678081
Cr-V-Al-C,-0.002560086
Lu-Ti-Ga-N,-0.002414211
Zr-Sc-S-C,-0.002242029
Lu-Mo-In-C,-0.002208511
Y-Sc-Cd-C,-0.002185346
Zr-Sc-Pb-C,-0.002183574
Zr-Lu-Pb-C,-0.002076298
Lu-Zr-In-N,-0.002003456
Nb-Zr-Sn-C,-0.001928928
V-Ti-Al-C,-0.001859601
V-Ti-In-C,-0.001850594
Nb-Ta-Ga-C,-0.001786327
Ti-Nb-Ga-C,-0.001490469
Ta-Nb-Ga-C,-0.00148595
Nb-Hf-Ga-C,-0.001370502
Hf-Zr-Cd-N,-0.00106216
Cr-V-Ga-C,-0.001039895
Ti-Nb-Al-C,-0.001007397
Nb-Zr-Al-C,-0.000801666
Lu-Zr-Pb-C,-0.000777202
Hf-Ta-Ge-C,-0.000709231
Zr-Ti-Cd-N,-0.000682908
Mo-Ti-Ge-C,-0.000553469
Nb-Ti-Ga-C,-0.000444509
Zr-Hf-In-C,-0.000414897
Ti-Ti-Ga-N,-0.000222276
Y-Ta-Al-C,-0.000181585
Cr-Ti-Ga-C,-0.000179176
Lu-Mo-Ge-C,-0.000146432
Nb-Nb-Ga-C,-9.62e-05
Hf-Hf-Ga-C,-9.35e-05
Ti-Ti-Al-N,-3.28e-05
Ta-V-Ga-C,-2.1e-05
Ta-Ta-Ga-C,1.06e-05
Nb-Nb-Al-C,4.45e-05
V-V-Al-C,0.000104657
Ti-Ti-Al-C,0.000117098
Nb-Ti-Sn-C,0.000120694
Ti-Ti-Ga-C,0.000142756
Zr-Hf-Tl-C,0.000150375
Ti-V-In-C,0.000222592
Ti-Mo-Ga-C,0.000366159
Hf-Hf-Ga-N,0.00039225
Ta-Ta-Al-C,0.000433083
Hf-Nb-S-C,0.000442718
V-Ti-Ga-N,0.000525225
Nb-Ti-Cd-C,0.000701828
Ti-Nb-Sn-C,0.000996792
Zr-Nb-Sn-C,0.001038587
Y-Cr-Ga-C,0.001041007
V-Ti-Al-N,0.001088886
Cr-Cr-Ga-C,0.001362175
Nb-Ti-Al-C,0.00144394
V-Ta-As-C,0.001446878
Ta-V-Ge-C,0.00159711
Lu-Mo-Cd-C,0.001822284
Lu-V-Ga-N,0.00190739
Hf-Nb-P-C,0.001913115
Ta-Nb-Au-C,0.001951582
Ta-V-Al-C,0.002215394
Lu-W-Zn-C,0.00230587
Ta-Hf-As-C,0.002311325
Y-Lu-Pb-C,0.002837991
V-Cr-Ge-C,0.002890981
Nb-Zr-Ge-C,0.002893106
Lu-Y-Pb-C,0.00291092
Hf-Zr-Sn-C,0.002940091
Lu-W-Ga-C,0.003216983
Sc-Lu-Sn-C,0.003359081
Ti-V-As-C,0.003406465
Sc-Zr-S-C,0.003483045
Ti-Hf-Ga-N,0.003536495
Mo-Cr-Ga-C,0.003595359
Sc-Ti-Al-N,0.003597751
Ta-Hf-In-C,0.003735799
Hf-Zr-Tl-N,0.003842816
Ta-Ti-Sn-C,0.00388186
Ti-V-Sn-C,0.003900787
Sc-W-Zn-C,0.004061733
Ta-Zr-Al-C,0.004140283
Sc-Cr-Ge-C,0.004236771
Lu-Sc-Pb-C,0.004483488
Hf-Nb-Sn-C,0.004774094
Nb-Hf-As-C,0.004970422
Zr-Nb-Ge-C,0.005001491
Sc-Lu-Bi-C,0.005010638
Nb-Lu-Pb-C,0.005277724
Ti-V-Al-N,0.005280387
Cr-Ti-As-C,0.005420802
Sc-Nb-Ge-C,0.005455555
W-Lu-Zn-C,0.005504565
Y-Zr-Tl-N,0.005506258
Lu-Ti-Ga-C,0.005670809
Nb-Ta-Au-C,0.005729411
Lu-Ta-Zn-C,0.005761032
Ti-Hf-Cd-N,0.005887573
Hf-Hf-Al-C,0.00605709
Nb-Mn-Al-C,0.006087068
Sc-Ti-Sn-N,0.006380339
Y-Zr-In-N,0.006495259
Hf-Ti-In-N,0.006532761
Mo-Sc-Pb-C,0.006787592
Lu-Zr-Pb-N,0.006925269
Nb-Lu-In-C,0.007234105
W-V-Al-C,0.007658595
Ta-V-Au-C,0.007676495
Ta-Cr-Ga-C,0.007826847
Nb-V-Ga-C,0.007886864
Nb-V-Al-C,0.007900953
V-Ti-S-C,0.007958867
Hf-Ti-Ge-C,0.008073997
Lu-Zr-Sn-C,0.008307975
Zr-Nb-Cd-C,0.008514743
V-Ti-As-C,0.008542513
Ti-Hf-Ga-C,0.00857444
Sc-Nb-Zn-C,0.008577469
Hf-Hf-Al-N,0.008803353
Ti-Sc-Sn-C,0.008841662
V-Ta-Ga-C,0.008864116
Ti-Hf-In-N,0.009077745
Ti-Ta-In-C,0.009189686
Y-V-Ga-N,0.009362036
Mn-Mn-Al-C,0.009398594
Sc-Lu-S-C,0.009416727
V-Ti-P-C,0.009575808
Lu-V-Fe-C,0.009609724
Mo-Lu-Cd-C,0.009693585
Ti-Nb-Sb-C,0.00976346
Hf-Ti-Tl-C,0.009801619
Nb-Mo-Ga-C,0.009854826
Mo-Zr-Ge-C,0.010173436
Lu-Sc-S-C,0.01017902
Hf-Ti-In-C,0.01023912
Lu-Sc-Tl-C,0.010260219
Y-Ti-Al-C,0.01027903
V-Mo-Ga-C,0.010294966
Y-Nb-Ga-C,0.010298164
W-Lu-Si-C,0.010410247
Hf-Sc-Sn-N,0.010495062
W-Sc-Zn-C,0.010498008
V-Ti-Ge-N,0.010512406
Ti-Zr-Cd-C,0.010641143
W-Lu-Al-C,0.010720053
Zr-Lu-S-C,0.010832406
Sc-Ti-Ga-C,0.010835752
V-Sc-Ga-C,0.011045043
Y-Sc-Pb-C,0.0114449
Hf-Nb-Al-C,0.011838949
Y-Zr-Al-N,0.011861697
Y-Hf-Al-N,0.012069155
Zr-Hf-Cd-C,0.012072836
V-Ta-P-C,0.01213203
Sc-Ta-In-C,0.012236934
Mo-Hf-As-C,0.012295274
Ti-Sc-In-N,0.012653597
Mo-Mo-Ga-C,0.012679626
Lu-Hf-Ga-N,0.012695448
Hf-Ti-Sn-C,0.01273381
Ta-Ti-Si-C,0.012776162
Sc-Ti-Al-C,0.012835175
Hf-Ti-Au-C,0.012901159
Y-Lu-Tl-C,0.012975575
Nb-Sc-Cd-C,0.012979842
V-V-Al-N,0.013149779
Mn-Sc-Cd-C,0.013254875
Y-Lu-Cd-C,0.013365966
Sc-Nb-Tl-C,0.013686438
Lu-Sc-Sb-C,0.013798187
W-Lu-Ge-C,0.013821333
Mo-Nb-Ga-C,0.013949749
Ta-Sc-Pb-C,0.013981429
Nb-Zr-P-C,0.014081963
W-Hf-Ga-C,0.014110473
V-Ti-Sn-C,0.01416276
Sc-Ti-Pb-C,0.01417661
Ti-Hf-Sn-C,0.014248896
Ti-Hf-Ge-C,0.014276509
Sc-Nb-Cd-C,0.014377283
V-Ta-Al-C,0.014397746
Ta-Nb-As-C,0.014405789
Y-V-Al-N,0.014481865
Ti-V-Ge-N,0.014600257
Hf-Ti-S-C,0.014761555
Ti-Mo-Ge-C,0.014788412
Sc-Ti-Tl-N,0.014849092
Mo-Ti-Al-C,0.014941743
Zr-Ti-Au-C,0.014980223
Cr-Mo-Ga-C,0.015032339
Ti-Mn-Ga-C,0.01503249
Ta-Sc-Al-C,0.015383273
V-Ti-Cd-C,0.0154741
W-Lu-Sn-C,0.015521845
Mo-Cr-Al-C,0.015552914
Sc-V-Zn-N,0.01556666
Ta-Sc-Cd-C,0.015569414
Zr-Zr-Ga-N,0.015915654
Ti-Hf-Al-N,0.015947192
Nb-Zr-S-C,0.015959831
Mn-Cr-Al-C,0.01598251
Nb-Ta-Al-C,0.016172743
Ta-Zr-Ge-C,0.016281405
Nb-Ti-Au-C,0.016315211
Zr-Zr-Ga-C,0.016463773
Sc-Lu-Ge-C,0.016635918
Cr-Sc-Ga-C,0.016810006
Cr-Ti-Al-C,0.016850258
Hf-Mo-Ga-C,0.016890403
Sc-Mn-Cd-C,0.017160054
Ta-Nb-Ge-C,0.01716691
Sc-Hf-Sn-C,0.01719857
Sc-W-Ga-C,0.017233842
Sc-Ti-Ge-N,0.017254047
Zr-Ti-In-N,0.017357618
Y-Cr-Zn-C,0.017391892
Hf-Mn-Zn-C,0.017466209
Ti-V-Zn-N,0.017502569
Lu-Zr-S-C,0.017769851
Ti-Cr-Zn-C,0.017775211
Ti-Nb-Cd-C,0.017864404
Nb-Lu-Tl-C,0.017992144
Ta-Nb-P-C,0.018416794
V-Ti-Zn-N,0.01849445
Y-Zr-Ga-N,0.018535017
V-Nb-Ga-C,0.018776275
Mo-Ti-Sn-C,0.018890794
Ti-Hf-Al-C,0.018955198
Ta-Lu-In-C,0.019166233
Y-Zr-Cd-N,0.01924025
Hf-Sc-Pb-C,0.019290574
Nb-V-In-C,0.01934348
Ti-Zr-Ga-C,0.019345732
Hf-Mn-Ga-C,0.019350883
Hf-Mn-Al-C,0.019480962
Lu-Ti-In-N,0.019712112
Ta-Ti-Au-C,0.019746128
Mo-Y-Ga-C,0.020066765
Sc-V-Si-C,0.020084234
Lu-Nb-Sn-C,0.020156338
Zr-V-Cd-C,0.02015997
Ti-Sc-Tl-N,0.020169693
Ti-Zr-Tl-C,0.020174693
Ti-Nb-Au-C,0.020449899
Nb-Mn-Zn-C,0.020541794
Nb-Ta-Ge-C,0.020590155
Lu-Sc-In-C,0.020616008
Ti-Mn-Al-C,0.020618791
Nb-Sc-Tl-C,0.020629361
Mo-Nb-Ge-C,0.020804427
Ta-Hf-Cd-C,0.021074494
V-Hf-Ga-C,0.021228737
Zr-Ta-Zn-C,0.021280234
Sc-Lu-Pb-N,0.021323103
Nb-Hf-Cd-C,0.021576327
W-Cr-Al-C,0.02157998
Zr-Zr-Al-C,0.021627556
V-Nb-In-C,0.021642117
Ti-Zr-In-C,0.021682327
Ta-Zr-Sn-C,0.021815983
Zr-Sc-Sn-N,0.021919376
Zr-Nb-S-C,0.022020421
Y-Sc-Tl-C,0.022063204
Zr-Ti-Sn-C,0.022135278
Zr-Ti-Pb-C,0.022351428
Lu-Sc-Sn-N,0.022459217
Mn-V-Ga-C,0.0225393
Zr-V-In-C,0.022921892
Hf-Ta-Zn-C,0.023115824
Lu-Zr-Cd-N,0.023436923
Hf-V-Ge-C,0.023477005
V-Nb-Al-C,0.023547127
Y-Mo-In-C,0.023624256
Zr-Zr-Al-N,0.02365267
Nb-Lu-Cd-C,0.023671256
Nb-Mn-Ga-C,0.023791246
Ti-Zr-Pb-C,0.023802512
Ti-W-Al-C,0.024024319
Y-Mo-Cd-C,0.024259611
Ti-Zr-Ga-N,0.024450171
Y-Nb-Zn-C,0.024600154
Hf-Sc-S-C,0.024667833
Sc-Hf-Sn-N,0.02475882
Hf-Ti-Bi-C,0.024819051
V-Nb-As-C,0.024823672
Zr-Ti-Ge-C,0.025014234
Ta-Y-Ga-C,0.025152813
W-Y-Ga-C,0.025171026
Ta-Nb-Sn-C,0.02541208
Hf-Nb-Ge-C,0.025669997
Mo-Hf-Ga-C,0.025802308
Nb-Sc-Si-C,0.026114026
Zr-Y-Tl-N,0.026126099
Ti-Sc-Ga-N,0.026333031
Sc-V-Fe-C,0.026377664
Hf-Lu-Pb-C,0.026407524
Nb-Hf-Tl-C,0.026463054
Ta-Zr-P-C,0.026508075
Sc-Ta-Ge-C,0.026679838
Mo-Lu-Al-C,0.026728438
Y-Hf-Ga-N,0.026770628
Cr-V-As-C,0.026818859
Nb-Hf-Al-C,0.026943669
Ti-V-Au-C,0.02702715
Hf-V-Co-C,0.027070173
Hf-Zr-Bi-C,0.027155974
Ta-Lu-Al-C,0.027271589
Ti-Sc-Pb-N,0.027364447
Y-Ta-Co-C,0.027398309
Ti-Zr-Al-C,0.027546323
W-Nb-Ga-C,0.027787931
Lu-Hf-Al-N,0.027906665
Zr-Mo-In-C,0.02795796
Nb-Ti-Bi-C,0.027961341
Lu-Cr-Fe-C,0.028143141
Nb-Sc-Al-C,0.028145173
Cr-Mn-Al-C,0.028171391
V-Sc-Ge-C,0.028359048
Mo-Ti-Au-C,0.028391535
Lu-Hf-Zn-N,0.028424773
Sc-V-Al-N,0.028534069
Nb-Sc-S-C,0.028740121
Zr-Ti-Ni-N,0.028750238
Lu-Ta-Co-C,0.028988401
Sc-Lu-Sn-N,0.028997763
Zr-V-Cu-C,0.029092213
Lu-Mo-Fe-C,0.029126686
Hf-Lu-Sn-C,0.029144733
Y-Hf-Zn-N,0.029222821
Nb-V-As-C,0.029252215
Ti-Zr-Ge-C,0.029478492
Cr-Sc-Ge-C,0.029629296
Ta-Lu-Cd-C,0.029672011
Sc-Cr-Co-C,0.029994284
W-V-Ga-C,0.030140705
Zr-V-Ni-C,0.030309969
Lu-Y-Bi-C,0.030339992
Zr-Hf-Al-N,0.030343868
Cr-Sc-Zn-C,0.0305061
Hf-Zr-Ga-C,0.030535133
Ti-Sc-Ge-C,0.030765932
Lu-Zr-Al-C,0.030914204
V-Ti-Sb-C,0.031111637
Y-Ti-In-N,0.031113703
Nb-Ti-Zn-C,0.031174258
Ta-V-In-C,0.031186661
Ta-Sc-Tl-C,0.031197827
Hf-Nb-Zn-C,0.031211434
Sc-Hf-Ga-N,0.031256644
W-Zr-Al-C,0.031266073
Ta-Mn-Al-C,0.03150052
Nb-Lu-Al-C,0.031571136
Mo-Mo-Al-C,0.031769981
Cr-Nb-Ga-C,0.031781582
Zr-Ti-Cu-N,0.031804275
Ta-V-Si-C,0.031863584
Mo-Sc-S-C,0.031903205
Mo-Zr-P-C,0.031972341
Ti-Mo-Al-C,0.032117884
Lu-Ti-Zn-C,0.032272386
Nb-Ti-Si-C,0.032377269
Lu-Mo-Cu-C,0.032407111
Lu-V-Al-N,0.03246903
Y-Sc-In-C,0.032534679
Sc-Hf-Cd-N,0.032657676
Hf-Ti-Tl-N,0.032702406
Ti-Ta-Sn-C,0.032717228
Lu-V-Si-C,0.032764419
Ta-Lu-Tl-C,0.032775151
Ta-Y-In-C,0.032967975
Ti-Hf-Bi-C,0.033028518
Ta-Lu-Pb-C,0.033057834
Ti-Hf-Tl-N,0.03320977
V-Mn-Ga-C,0.033335254
Y-W-Zn-C,0.03335692
Lu-Y-Sn-C,0.033504248
Cr-Sc-Cd-C,0.033658551
Nb-Ti-In-N,0.033785094
V-Ti-Sn-N,0.033888503
Sc-Lu-Tl-N,0.034001513
Ta-Ti-Ga-N,0.034127213
W-Ti-In-C,0.03439297
Zr-W-Ga-C,0.034396133
Y-V-Ga-C,0.034591456
Lu-Sc-Tl-N,0.034633668
Lu-Ti-Cd-N,0.034636578
Zr-Hf-Ga-N,0.034714418
Ti-V-Cd-C,0.034878667
Lu-Cr-Ni-C,0.034915575
Sc-Zr-Tl-C,0.034934546
Cr-Sc-In-C,0.034959365
Ti-Zr-S-C,0.034978715
Lu-Ti-Tl-N,0.035008408
Ta-V-Sn-C,0.03509474
Hf-Lu-Sn-N,0.035356343
Mo-Mn-Al-C,0.035486939
Ti-Nb-Tl-C,0.035501878
Hf-Ti-S-N,0.035554623
V-Lu-Ga-C,0.035701911
Ta-Ti-Zn-C,0.035758881
Cr-Mo-Al-C,0.036012169
Ti-W-Ga-C,0.03601414
Ti-Lu-Sn-C,0.036150265
Nb-Zr-In-N,0.03632879
Ti-Zr-Sb-C,0.036486264
Nb-V-Ga-N,0.036520662
Sc-Zr-Sn-N,0.036769861
Hf-V-Cu-C,0.036962011
Sc-V-Cu-C,0.037008963
W-Nb-Al-C,0.037026533
Mo-Mn-Ga-C,0.037277197
Lu-Mn-Co-C,0.037368934
Ta-Mo-Ga-C,0.037423121
Lu-V-Zn-N,0.037566848
Mo-Nb-As-C,0.037615165
Zr-Ti-S-C,0.037643689
Mo-Ti-S-C,0.037674062
Hf-Zr-Al-N,0.037710494
Zr-Ti-Tl-N,0.037918774
Hf-Zr-Al-C,0.038116504
Sc-Zr-In-C,0.03821642
Y-Ti-Cd-N,0.038286793
Lu-Hf-Sn-N,0.038369986
Mn-Cr-Ga-N,0.03838836
Zr-Hf-Ga-C,0.038429083
Ti-Mo-Sn-C,0.038516295
Sc-V-In-C,0.038557176
Hf-Sc-Ga-N,0.038599572
Mo-V-Al-C,0.03864793
Hf-V-Sn-C,0.038663404
Zr-W-Zn-C,0.038873129
Y-Ti-Ni-N,0.038965803
Ti-Hf-Au-C,0.039063226
Ta-Sc-In-N,0.039123419
Sc-V-Cd-C,0.03915981
Zr-Cr-Ga-N,0.039173696
Lu-Mo-Ni-C,0.039205144
V-Sc-Zn-C,0.039334646
Hf-Ti-P-C,0.039560303
Mo-Lu-Pb-C,0.039705325
Lu-Nb-Ge-C,0.039842426
Nb-Mo-Al-C,0.039846086
Hf-Zr-Ga-N,0.039924482
Y-Ta-Zn-C,0.039977847
Ti-Hf-Zn-N,0.040057564
Y-Lu-In-C,0.040100337
Y-Ti-Ga-C,0.040209574
Lu-W-Co-C,0.040573943
V-Nb-P-C,0.040658054
Nb-V-Fe-C,0.040859362
Y-Zr-Al-C,0.040862155
Lu-Hf-Pb-C,0.040863592
V-Mo-Al-C,0.040923418
Ta-Ti-Al-N,0.041021306
Nb-Hf-Sb-C,0.041022356
Hf-Ti-Cu-N,0.041062037
Zr-Ti-Bi-C,0.04106539
Zr-Y-In-N,0.041191699
Zr-Lu-Tl-C,0.041294343
Y-V-Zn-C,0.041295232
Sc-Mn-In-C,0.041513351
Hf-Zr-Sb-C,0.041748679
Sc-Mo-Si-C,0.041857168
V-Hf-In-C,0.042014557
Y-Ta-Ga-C,0.042099633
Sc-Nb-Pb-C,0.04212866
Hf-V-Au-C,0.04220547
Ti-Zr-Al-N,0.042214236
Mo-Mn-Zn-C,0.042326853
V-Mn-Al-C,0.042398679
Lu-Sc-Ga-C,0.042556481
Hf-W-Ga-C,0.042560989
Zr-Ta-Ge-C,0.04260386
Mn-Ti-Ga-C,0.042649354
Y-Nb-Ga-N,0.042668712
Cr-Mn-Zn-N,0.042894623
Ta-Hf-S-C,0.04304278
Lu-Cr-Cu-C,0.043111732
Cr-Mn-Ge-C,0.043167785
Hf-Nb-Au-C,0.043230842
V-Sc-Sn-C,0.043374992
Sc-Ti-Tl-C,0.043422825
V-Ti-As-N,0.043450685
Sc-Ta-Cd-C,0.043533414
Sc-Ti-In-C,0.043801574
Cr-Mn-Zn-C,0.044006357
Zr-Lu-Sn-N,0.044015079
Nb-Zr-Zn-C,0.04421065
V-Ti-Tl-C,0.044285769
Mo-Y-Zn-C,0.044346841
Lu-Sc-Ga-N,0.044431701
Mo-Nb-Al-C,0.044786601
Hf-V-As-C,0.044787166
Lu-Cr-Cd-C,0.044855
Ta-V-Co-C,0.04524225
Ti-Lu-Tl-N,0.045312793
Sc-Hf-Pb-N,0.045322363
Zr-Hf-Al-C,0.045331994
Zr-V-Fe-C,0.04533654
V-Zr-Ga-C,0.045517176
Sc-Hf-Al-N,0.045834091
Ti-Zr-Pb-N,0.045867258
Y-W-Ga-C,0.045874794
Hf-Zr-Ge-C,0.045976163
Lu-Hf-Al-C,0.045978607
Mo-Zr-Sn-C,0.04609372
Nb-V-P-C,0.046271537
V-Zr-In-C,0.04646521
Hf-Ti-Si-C,0.046524623
Nb-Zr-Bi-C,0.046789496
W-Y-Zn-C,0.047056663
V-Hf-Al-C,0.047143163
V-Mo-Ge-C,0.047219367
V-Nb-Si-C,0.047220498
Ta-Mn-Ga-C,0.047306383
Lu-Ti-Sn-C,0.047420018
Sc-V-Ni-C,0.047501549
Mo-Nb-Sn-C,0.047624785
W-Cr-Ga-C,0.047689339
Cr-V-P-C,0.047948563
Zr-Nb-Au-C,0.048072941
Mo-Nb-Au-C,0.048143748
Lu-Ta-Fe-C,0.048580272
V-Sc-Ga-N,0.048627787
V-Ti-Au-N,0.048832346
Lu-Zr-Ga-C,0.048899311
Cr-Mn-Ga-N,0.048944199
V-Zr-Cd-C,0.049060926
Ti-Hf-Ge-N,0.049166059
Sc-V-Ge-N,0.049230053
Zr-Hf-Sb-C,0.049302265
W-Hf-Al-C,0.049565815
W-Nb-Ge-C,0.049677647
Ta-Zr-S-C,0.049716617
V-Hf-Ge-C,0.049731072
Ta-Nb-Zn-C,0.04973451
Hf-Mo-Al-C,0.049754077
Sc-Y-Sn-C,0.04993719
Hf-Ta-Sn-C,0.050040447
Nb-Y-Zn-C,0.050079589
W-Hf-Ge-C,0.050266034
Sc-Sc-Ga-N,0.050497875
Mo-V-As-C,0.050523987
Ti-Zr-Sn-N,0.050584122
Ta-Mn-Zn-C,0.050705528
Lu-Hf-Tl-C,0.050725725
Mn-V-Ge-C,0.050924625
Ti-Hf-Zn-C,0.051021292
Mn-V-Al-C,0.051191518
Mo-Zr-Al-C,0.051242117
Nb-Sc-Sn-N,0.051341255
Lu-Ti-Ni-N,0.051377988
Mn-Sc-In-C,0.05144386
Nb-V-Co-N,0.051527082
Sc-Y-Bi-C,0.051711766
Mo-Ta-Ga-C,0.051822803
Y-Mn-Cd-C,0.051871158
Nb-Cr-Zn-N,0.051872132
Lu-V-Cd-C,0.051881341
Y-Cr-Ga-N,0.051928167
Lu-V-Cu-C,0.051966893
V-Ti-S-N,0.052061518
Zr-Cr-Ni-C,0.052084082
Y-Nb-Co-C,0.052089538
Zr-Sc-In-C,0.05210867
Ta-Zr-Au-C,0.052145017
Hf-Zr-Au-C,0.05221369
Zr-V-Ge-N,0.052323335
Y-Sc-Ge-C,0.052417516
Y-Sc-Zn-C,0.052445571
Ta-Zr-Zn-C,0.052497323
V-Hf-Ga-N,0.052541652
Cr-Sc-Al-C,0.052605516
Mo-Ti-Zn-C,0.05262549
Hf-Sc-S-N,0.052702216
Y-Mo-Cu-C,0.052847348
Nb-Nb-Ga-N,0.052861244
Nb-Hf-Pb-C,0.053049446
Hf-V-Si-C,0.053099084
Ti-Mn-Ge-C,0.05313549
Cr-Lu-Ga-C,0.053306209
Zr-Cr-Zn-N,0.05337762
Zr-Sc-Bi-C,0.053437336
Ti-Sc-Cd-N,0.053553472
Y-Sc-Al-N,0.053588068
Y-Zr-Pb-N,0.053645572
V-Nb-Cd-C,0.053741022
Sc-Lu-In-N,0.053748202
Ta-Sc-Ga-N,0.053758786
Ti-Mo-Au-C,0.053809253
Y-V-Zn-N,0.053878332
W-Ta-Ga-C,0.053976712
Nb-V-Zn-N,0.053982956
Y-Ti-Cu-N,0.05402725
V-Nb-S-C,0.054120266
Cr-Sc-Si-C,0.05414595
Cr-Mo-Ge-C,0.054212864
Hf-Mo-As-C,0.054298904
Zr-Ta-Cd-C,0.054362944
Hf-Zr-Pb-N,0.054378284
Ta-Y-Tl-C,0.054453049
V-Ta-In-C,0.05449539
Sc-Mo-Cu-C,0.054572975
Lu-Ti-Cu-N,0.054668057
Ti-Sc-S-C,0.054744698
Cr-V-Ga-N,0.055050297
V-Sc-Si-C,0.055154902
Mn-Nb-Ga-C,0.055234789
Ta-Y-Al-C,0.05527779
Mn-Mo-Al-C,0.055497365
Y-Zr-In-C,0.055501839
Hf-Ti-Ni-N,0.055621039
Lu-Hf-In-C,0.055669264
Y-Mo-Ni-C,0.055680345
W-V-As-C,0.055692571
Nb-V-Cd-C,0.055712703
W-Zr-In-C,0.055788928
Hf-Ta-Au-C,0.056014124
Ta-Hf-Tl-C,0.056079129
Nb-Ta-Sn-C,0.056083044
Nb-V-Ni-C,0.056102433
Ti-Sc-Ga-C,0.056148505
Hf-Zr-As-C,0.056219415
Lu-Nb-Si-C,0.056227403
Ti-V-Sb-C,0.056311855
Zr-Lu-In-C,0.056416052
Zr-Sc-Tl-C,0.056459301
Cr-Ti-P-C,0.05646937
Sc-Zr-Ga-C,0.056540611
Zr-Mo-As-C,0.056643376
V-Lu-Zn-C,0.056666481
Y-V-Ge-N,0.05668939
Hf-V-Fe-C,0.05679092
Ti-Lu-In-N,0.056832918
Ta-V-Al-N,0.056888721
Y-Sc-Al-C,0.056947419
Cr-Nb-As-C,0.056978692
Zr-Y-Pb-N,0.057117129
Y-Lu-Sb-C,0.057135346
Ti-Lu-Ga-C,0.057367068
Sc-Sc-Ga-C,0.057561942
Ti-Sc-Al-N,0.057563805
Hf-W-Al-C,0.057647146
Mo-Zr-Zn-C,0.057867284
Sc-Lu-Ga-C,0.058004765
Lu-V-In-C,0.058175838
Nb-Y-Al-C,0.058218617
Sc-Ti-Cd-C,0.058543882
Lu-Nb-Co-C,0.058593144
Y-Hf-Tl-N,0.058611303
Mo-Ta-Au-C,0.058614981
Y-Hf-Al-C,0.058681513
Ti-V-Au-N,0.058743965
W-Y-Al-C,0.0588405
Cr-Ta-Ga-C,0.059066154
Zr-Hf-Sn-N,0.059340897
Mo-Y-Al-C,0.059616134
Ti-Mo-Zn-C,0.059698493
V-Sc-Al-C,0.059712332
Zr-Hf-Zn-N,0.059815707
Cr-V-Au-C,0.059835142
Zr-Hf-As-C,0.059930932
Hf-Lu-Ga-N,0.059966714
Hf-Ti-P-N,0.059977225
V-Cr-Zn-C,0.059983957
Ta-Hf-Sb-C,0.060045626
Zr-Ta-Au-C,0.060393721
Hf-Mo-Au-C,0.060574137
Ti-Nb-Pb-C,0.060938363
Nb-Ti-Ga-N,0.060956313
Nb-Cr-Ga-N,0.061066163
Lu-Sc-Al-C,0.061077769
Mo-Y-Ge-C,0.061238759
Lu-Cr-In-C,0.061265079
Ti-Ta-Cd-C,0.061476469
Ti-Zr-Zn-N,0.061561389
Ti-Cr-Si-C,0.061581591
Zr-Ti-Pb-N,0.061686634
Mn-Sc-Cu-C,0.06169882
Zr-V-Si-N,0.061893797
Ta-Nb-S-C,0.062008806
Sc-Hf-S-N,0.062053958
Lu-V-Ni-C,0.062388289
Ta-Ti-In-N,0.062479336
Hf-Lu-Tl-C,0.062491336
Y-Sc-Cu-C,0.062540133
Nb-Y-Sn-C,0.06299491
Ta-Sc-Sn-N,0.063128106
Hf-Lu-S-N,0.063196932
Nb-Ti-Cd-N,0.063243564
Cr-Ti-Si-C,0.063297097
Zr-Ta-Sn-C,0.063430641
Cr-Lu-Zn-C,0.063491496
Lu-Zr-Ga-N,0.063587671
Zr-Sc-Cd-C,0.063826115
Cr-Ta-As-C,0.064026525
V-W-Al-C,0.064038961
Sc-Ti-S-C,0.064207822
Ti-Lu-Ge-C,0.064300481
V-Hf-Sn-C,0.06445467
Y-W-Ni-C,0.064463161
V-Hf-Zn-C,0.064472551
Cr-Sc-Sn-C,0.064552707
V-Hf-Au-C,0.064642739
Sc-Mo-Fe-C,0.064803182
Y-Zr-Ga-C,0.064960051
W-Ta-Al-C,0.065140156
Lu-Sc-Al-N,0.065227279
Zr-Ti-Si-C,0.065356007
Zr-Cr-Fe-C,0.06536915
Ti-Zr-As-C,0.065376348
Mo-Ti-Si-C,0.065423725
Ta-Nb-Si-C,0.065565399
Cr-Nb-Al-C,0.065587807
Y-Ti-Zn-C,0.065698078
Sc-Ta-Co-C,0.065777081
Mo-Y-Pb-C,0.065833673
Nb-Ta-Zn-C,0.065876903
V-Ti-P-N,0.065918703
Lu-W-Si-C,0.065972522
Zr-Ti-Co-C,0.066132637
Lu-Mn-Ge-C,0.066274195
V-Sc-In-N,0.066318306
V-Ti-Pb-C,0.06640848
Nb-Ti-Al-N,0.066579174
Nb-Y-In-N,0.066582534
Mo-Hf-In-C,0.066637158
Cr-Zr-Ga-C,0.066712081
Zr-Nb-Si-C,0.066771884
Lu-V-Ge-N,0.067026855
Y-Cr-Ni-C,0.067264126
Ta-Mo-Al-C,0.067324502
Lu-Hf-Ga-C,0.067462574
W-Zr-As-C,0.06748361
Mn-Cr-Zn-N,0.067508292
Hf-Sc-Al-N,0.067541596
V-Ti-Bi-C,0.067705444
Y-Mo-Fe-C,0.067770657
V-Hf-S-C,0.067841589
Lu-Ta-Ge-C,0.067903567
Ti-Nb-Bi-C,0.067922857
Y-Sc-Ga-N,0.067958099
Nb-Zr-Cd-N,0.067979063
Mn-Ti-Zn-C,0.068050614
Mo-Nb-Zn-C,0.068086124
Nb-Cr-Ni-C,0.068091859
Hf-Mn-Ni-C,0.068230445
V-Hf-Cd-C,0.068560617
Y-Mn-Co-C,0.068682804
W-Zr-P-C,0.068723169
Nb-V-Au-N,0.06872995
Ta-Y-Cd-C,0.068887428
Lu-Y-S-N,0.068907679
W-Ti-Sb-C,0.068971015
Zr-Sc-Sb-C,0.068981547
Cr-Ti-S-C,0.069045446
Zr-Mn-Ge-C,0.069211797
V-Nb-Ga-N,0.069243336
Ta-Y-Ga-N,0.069243686
Mn-V-Zn-C,0.069465383
Ti-Hf-S-N,0.069568947
W-Y-Si-C,0.069601616
V-Lu-Cd-C,0.069614319
Y-Lu-S-N,0.069632966
Ti-V-Fe-C,0.069677602
Cr-Ta-Al-C,0.069697235
Hf-V-Cu-N,0.069737194
Ta-Zr-Ga-N,0.069769625
Hf-Ta-Si-C,0.069780302
Sc-Zr-Ga-N,0.069876084
Nb-Zr-Si-C,0.069971054
Sc-Zr-Cd-C,0.070018908
Hf-Cr-Ga-N,0.070165764
Hf-Cr-Ni-C,0.070239553
Nb-Zr-Sn-N,0.070306457
Ti-Sc-Tl-C,0.070448623
Mo-Zr-Au-C,0.070459747
Mo-Y-Sn-C,0.070491363
Nb-Y-Tl-N,0.070662562
Lu-Zr-Al-N,0.070807444
Hf-Ti-Pb-N,0.070920547
Nb-Cr-Si-C,0.070922203
Ta-Ti-Cd-N,0.071045216
Ti-Lu-Pb-N,0.071142427
Ti-W-Ge-C,0.071175614
Zr-Nb-In-N,0.071180637
Sc-W-Si-C,0.071201074
Ti-Cr-Au-C,0.071229571
Ti-Hf-As-N,0.071320341
Sc-Hf-Ga-C,0.071400071
Mo-Y-Si-C,0.071421128
Hf-V-Au-N,0.071520692
Lu-Y-Au-C,0.07153571
Sc-Y-Zn-C,0.071653848
Zr-V-Co-N,0.07173441
Zr-Y-Ga-N,0.072034451
Ti-Hf-Si-C,0.072079197
Ta-Sc-Ge-N,0.072103444
V-Zr-Al-C,0.072164011
Nb-Mo-In-C,0.072307184
Mo-V-In-C,0.07231479
Nb-V-Al-N,0.072357214
Lu-Y-Pb-N,0.072425394
Zr-Y-Sn-C,0.072479388
Lu-Ta-Si-C,0.072511475
Lu-Sc-Cu-C,0.072567987
Ta-Mo-Ge-C,0.07257213
Sc-Cr-Ga-N,0.072633364
Y-Ti-Tl-N,0.072682416
Nb-V-S-C,0.072760788
Nb-Sc-Sb-C,0.07280824
Sc-Ti-Co-N,0.072959698
Nb-Cr-Fe-C,0.07305265
Hf-Sc-Tl-C,0.073308192
Nb-Mo-Au-C,0.073361508
Ta-V-Fe-N,0.073543649
Zr-Sc-Ga-N,0.073562614
Sc-Y-Ge-C,0.073614285
Nb-Ta-Si-C,0.073640109
Sc-Ti-Si-N,0.073719762
Ta-Zr-Si-C,0.073981995
Lu-Sc-Ge-N,0.074002261
Ti-Cr-Ga-N,0.074015341
Ti-V-Cu-C,0.074053517
Cr-Ti-In-C,0.074092369
Sc-Hf-Al-C,0.074128872
Hf-Mo-In-C,0.074143184
Lu-Ta-Cu-C,0.074263114
Mo-Mn-Ge-C,0.074380327
Lu-Nb-Cu-C,0.074585414
W-Sc-S-C,0.074753017
Hf-Cr-Zn-N,0.074878826
Mo-Ta-As-C,0.074879468
V-Hf-P-C,0.075014056
Zr-Ti-Fe-N,0.075022564
Nb-V-Cu-C,0.075190671
Mo-Ta-Ge-C,0.075193019
Ta-Cr-Ni-C,0.075243796
Mo-Sc-Cu-C,0.07539024
Ti-V-Sn-N,0.075414092
Sc-Zr-Al-C,0.075502418
Nb-Zr-Ga-N,0.07551811
Hf-Y-In-N,0.075539171
Sc-Zr-Al-N,0.075691101
Mn-Sc-Au-C,0.075780358
Y-Cr-Cd-C,0.075798089
Sc-W-Ge-C,0.075909156
Ti-Ta-Ga-N,0.075954351
Nb-Sc-Ga-N,0.075964488
Zr-Mn-Au-C,0.076079304
Lu-Zr-Ge-C,0.076159377
Y-Cr-Cu-C,0.076400709
Ti-Hf-P-N,0.076506339
Y-Cr-Fe-C,0.076525899
Ti-Sc-Si-C,0.076567965
Ti-Nb-Ga-N,0.076577815
Zr-Lu-Cd-C,0.076740338
Nb-Cr-As-C,0.076921913
Zr-Ta-Co-C,0.076943526
Sc-Zr-Sb-C,0.077006205
Lu-Ti-Si-C,0.077006376
Lu-Ta-Ni-C,0.077053692
Hf-Sc-In-C,0.077101592
Sc-Mo-Co-C,0.07710318
Sc-Y-Tl-N,0.077427639
Zr-Mn-Co-C,0.077433136
Lu-Ti-Ge-C,0.077555291
Lu-Nb-Fe-C,0.077575961
Hf-Cr-Fe-C,0.077616742
Lu-Ti-Si-N,0.077643069
Y-Ta-Al-N,0.077809439
Mn-Ta-Ga-C,0.077926499
Y-Zr-Sn-C,0.077927845
Ta-Zr-In-N,0.078052923
Lu-Lu-Ga-C,0.078057338
Y-Sc-Sb-C,0.07813971
Ta-Y-Pb-C,0.078185262
Lu-Y-Tl-N,0.07823536
W-Ti-S-C,0.0782934
V-Zr-Ga-N,0.078480249
Zr-Cr-Au-C,0.078484506
Mn-Ti-Ge-C,0.07848736
V-Sc-Pb-C,0.078629514
Y-Lu-Tl-N,0.078709978
Mo-Ta-Al-C,0.078758527
Nb-Y-Ge-C,0.078810695
Mo-Hf-Zn-C,0.078812276
Sc-W-Co-C,0.079049066
Sc-Y-Pb-N,0.07919975
Ta-Ti-As-N,0.079216505
Cr-Nb-Au-C,0.079513413
Zr-Mo-Cd-C,0.079533207
Ti-Lu-Ga-N,0.07954386
Nb-Mo-As-C,0.079560422
V-Lu-Ge-C,0.079570594
Mo-Hf-Al-C,0.079580098
Sc-Ta-Tl-C,0.079812632
Hf-Cr-As-C,0.079874663
Ta-Ti-Bi-C,0.080012863
Lu-Hf-Ge-N,0.0800387
Lu-Cr-Ga-N,0.080101904
W-Lu-Cu-C,0.080143642
Mo-Mn-Zn-N,0.080146472
Y-Ta-Ga-N,0.080293721
Y-Lu-Cu-C,0.080744676
Ti-Y-Tl-N,0.080757589
Sc-Ta-Cu-C,0.080826469
Mo-Lu-Cu-C,0.080837006
Nb-Cr-Co-N,0.080919133
Ta-V-Cd-C,0.080985197
Y-Sc-Ni-C,0.08104506
Zr-Nb-Ga-N,0.081072329
Y-Zr-Cd-C,0.081139707
Zr-Nb-Bi-C,0.081299754
W-Ta-Ge-C,0.081320895
Cr-Mo-Zn-C,0.081376508
Lu-Ti-Co-C,0.081404741
Y-Mn-In-C,0.081624406
V-Mo-Zn-C,0.081643101
Y-W-Fe-C,0.081755378
Cr-V-S-C,0.081795063
Lu-Ti-Pb-N,0.081909332
Hf-Cr-Si-C,0.082009313
Hf-Nb-Bi-C,0.082028914
Ti-Lu-Ge-N,0.082127005
W-Cr-Ge-C,0.08215429
Mo-Sc-Sb-C,0.082250957
Cr-Ta-Au-C,0.082380882
Ta-Zr-Cd-N,0.082382708
Ta-Cr-As-C,0.082410015
Hf-Sc-Ge-N,0.082625997
Hf-Ti-Fe-N,0.082626859
W-Mo-Ga-C,0.082722315
Nb-W-Al-C,0.082742217
Nb-Mn-Ge-C,0.082906728
Mn-Nb-Ge-C,0.08293178
Zr-V-Au-N,0.083100712
Hf-Ti-Sb-N,0.083134064
Nb-Hf-Ga-N,0.083330196
Nb-Y-Si-C,0.083515505
Sc-Hf-Ge-C,0.083522367
Ti-Nb-Au-N,0.083548619
Y-W-Cu-C,0.083661392
Nb-Y-Ga-N,0.083783596
Ta-Y-Sn-C,0.083930449
Lu-Mo-Tl-C,0.083953004
Ti-Hf-Pb-N,0.084110505
Mn-Ti-Au-C,0.084249762
Ti-Ta-Sb-C,0.084334195
Y-Nb-Si-C,0.084345448
Zr-Ta-Si-C,0.084613012
Zr-Ti-P-C,0.085036299
Y-Mo-Au-N,0.085050221
Ti-Lu-Si-C,0.085192209
Ta-Zr-Al-N,0.085826629
Hf-Ta-S-C,0.085859579
Hf-V-Sb-C,0.085986404
Mn-Sc-Tl-C,0.086101519
Y-V-Si-C,0.086356354
V-Cr-Ga-N,0.086358713
Zr-Cr-Cu-C,0.086362817
Sc-Cr-Sn-C,0.086373794
Lu-Nb-In-N,0.086503053
Ta-Hf-Ga-N,0.086615656
W-Y-Ge-C,0.086784719
Y-W-Co-C,0.086821384
Nb-Mn-Ni-C,0.086997261
Y-Hf-Ga-C,0.087068732
Cr-V-Sn-C,0.087096907
Mn-Cr-Ge-N,0.087136486
Ti-Zr-P-C,0.087264882
Sc-Nb-Sn-N,0.087420598
Y-Nb-Ge-C,0.087448574
Nb-Hf-Au-N,0.087669307
Nb-Zr-Al-N,0.087677433
Ti-Y-Ga-N,0.087946381
V-Nb-Au-N,0.087995312
Ti-Zr-Ge-N,0.088118347
Mo-V-P-C,0.088271969
Hf-Lu-In-C,0.088309398
Cr-Ti-Sb-C,0.088408511
Cr-W-Al-C,0.088444289
V-Hf-In-N,0.088772877
Mn-Lu-Ga-C,0.088871203
Sc-Y-Au-C,0.088893702
V-Mo-In-C,0.089032519
Zr-Nb-Co-C,0.089085562
V-Cr-Si-C,0.089089426
Y-Cr-In-C,0.089141237
Sc-Ta-Fe-C,0.089331947
Hf-Y-Pb-C,0.089380826
Hf-Nb-In-N,0.089411251
Sc-Lu-Ga-N,0.089507249
V-Mo-Au-C,0.089524986
Hf-Y-Ga-N,0.089553828
Sc-Nb-Cu-C,0.089626007
Sc-Sc-Al-N,0.089649863
W-Nb-Zn-C,0.089662064
Hf-Lu-Ga-C,0.089672126
Sc-Lu-Si-C,0.089720423
Ta-Cr-Co-N,0.089843504
Ta-Hf-Al-N,0.089863936
Hf-V-Fe-N,0.08989004
Zr-Y-S-N,0.089922948
Nb-Lu-S-C,0.089945635
W-Cr-Zn-C,0.090058783
Cr-V-Ge-N,0.09007153
V-Lu-Si-C,0.090159639
Sc-Ta-Ni-C,0.090407045
Ti-V-Tl-C,0.090450472
Ti-V-Si-N,0.09063678
V-Zr-Tl-C,0.090653969
Hf-Ti-Co-C,0.090889828
Ta-Mn-Co-C,0.090905647
Y-Hf-In-C,0.090930721
Zr-Sc-Ga-C,0.090931524
Ti-W-Au-C,0.090959666
Ti-Ta-Al-N,0.091023542
Y-Nb-In-N,0.091102283
Y-Nb-Al-N,0.091178764
Hf-Lu-Ge-N,0.091268645
V-Lu-In-C,0.091299203
Hf-Mn-Co-C,0.091540206
Hf-Zr-Zn-C,0.091646642
Ti-Y-In-N,0.091655653
Y-W-Cd-C,0.091685663
Nb-V-Ge-N,0.091713582
Ti-W-Zn-C,0.091873762
V-Hf-Si-C,0.092025155
Y-Cr-Ge-C,0.09216545
Cr-Mn-Ge-N,0.092169156
Y-Sc-Sn-N,0.092195149
Nb-W-Ga-C,0.092284233
Hf-Zr-P-N,0.092456801
V-Cr-P-C,0.092556026
Mo-Mn-Fe-N,0.092601183
W-Mn-Al-C,0.092743984
Cr-V-In-C,0.09279215
Ta-Y-Cu-C,0.09284419
Zr-W-Au-C,0.092877126
Ti-Cr-Sn-C,0.092889669
Nb-Zr-S-N,0.092907653
V-Zr-Zn-N,0.092968148
Hf-Sc-Cd-C,0.092986624
Zr-Y-Al-N,0.093038748
Lu-Mn-Si-C,0.093083012
Zr-Mo-Sb-C,0.093098859
Zr-Hf-P-N,0.093156744
Lu-Ta-Sn-C,0.093229686
Ti-Cr-Co-C,0.093251707
Ti-Sc-Zn-C,0.093347582
Lu-Ta-Ga-N,0.093363962
Y-Ti-Co-C,0.093388912
Hf-V-Ni-N,0.093394479
V-Ta-Ga-N,0.09341664
Nb-Mn-Fe-C,0.093827132
Mo-Zr-S-C,0.093830758
W-Hf-Zn-C,0.093858819
Mo-Hf-Sb-C,0.093978318
V-Nb-Sb-C,0.093981891
Hf-V-In-N,0.093992153
Mn-Ti-Al-C,0.094180731
Cr-Hf-Ga-C,0.09422489
W-Ti-Cd-C,0.094247491
Nb-Y-Sn-N,0.094300962
Y-Nb-Sn-C,0.09432858
Zr-Mo-Ni-C,0.094428435
V-Cr-Au-C,0.094486281
V-Mo-Sn-C,0.094566271
Y-Cr-Zn-N,0.094615651
V-Zr-Al-N,0.094625537
Hf-Lu-Al-N,0.094645524
Zr-Cr-Ni-N,0.094728644
Mn-Lu-Cd-C,0.094790496
Ta-Zr-Zn-N,0.095020535
Mo-Ta-Zn-C,0.095188323
Ti-V-P-N,0.095249075
Zr-Sc-Ge-N,0.095432059
V-Ta-S-C,0.09566519
Ta-Ti-S-N,0.095725976
Sc-Zr-Zn-N,0.095736598
Ti-Ta-Au-N,0.095780072
Nb-Hf-Al-N,0.095833206
Sc-Ti-Au-N,0.095841959
Cr-Lu-Ge-C,0.095889352
Y-Nb-Cd-N,0.095892957
Y-Lu-Ga-C,0.096003326
W-Cr-Fe-N,0.096085594
Ta-W-Ga-C,0.09616046
V-Hf-Cd-N,0.096163886
Ta-Cr-Zn-N,0.096183126
Y-Lu-Sn-N,0.096235345
Cr-Mn-In-C,0.096317508
Lu-Nb-Ni-C,0.096500853
V-Lu-Sn-C,0.096558273
W-Zr-Cd-C,0.096606132
Nb-Mn-Co-C,0.096623479
Ta-Lu-Ga-N,0.096665916
Ta-Hf-Pb-C,0.09686056
Ta-Sc-Cu-C,0.096958908
Sc-Mo-Sb-C,0.096991145
Zr-Sc-Al-N,0.097095016
Lu-Nb-Ga-N,0.097117484
Hf-Zr-S-N,0.097191865
W-Nb-As-C,0.09722084
Mo-Zr-Si-C,0.097311534
Ta-Nb-Sb-C,0.097373507
W-Mo-Al-C,0.097416845
Y-Zr-S-N,0.097485475
Mo-Cr-Co-N,0.097579
Ti-Zr-Cu-C,0.097826254
Sc-V-Sn-N,0.097900647
Lu-Zr-Zn-C,0.098030236
Ti-V-S-N,0.098227361
Cr-Y-Zn-C,0.098329282
Ti-V-Ni-C,0.098581109
Mo-Cr-Ga-N,0.098622477
Nb-Ti-As-N,0.098637453
Zr-Mo-P-C,0.098846128
V-Y-Ga-C,0.099171653
Ti-Sc-Bi-C,0.099207242
Y-Sc-S-N,0.099319969
Sc-Nb-Ga-N,0.099360756
Zr-Hf-Au-N,0.099385106
Ti-Hf-Cu-N,0.099427037
Ta-Ta-Ga-N,0.099441707
Ti-W-As-C,0.099575044
Sc-V-Tl-C,0.099575484
Nb-Zr-As-N,0.099747448
Zr-Cr-In-C,0.099784583
Cr-Ti-Ga-N,0.099805511
Mo-Cr-Fe-C,0.09987908
Zr-V-In-N,0.100002722
Mn-Nb-Zn-C,0.100151778
Sc-V-Si-N,0.100162415
Lu-Zr-Bi-C,0.100303348
Lu-Sc-Zn-N,0.100353508
Lu-Sc-Ni-C,0.100367731
Y-Zr-Zn-C,0.100482658
Sc-Y-In-N,0.100644443
Sc-Y-S-N,0.100798451
Hf-Y-Al-N,0.10080861
Ta-Y-Ge-N,0.10099856
W-Y-Cu-C,0.101179874
Ta-Sc-Al-N,0.101279348
Ta-W-Al-C,0.101562458
W-Ta-As-C,0.101635392
Ti-Sc-Al-C,0.101658851
Ta-Sc-Sb-C,0.101677797
Mn-Sc-Sn-C,0.101974299
Sc-Sc-Al-C,0.102000183
Y-V-Ni-N,0.102207683
Y-Mo-Tl-C,0.102209053
Lu-Hf-Ge-C,0.102442824
Lu-Hf-Cd-C,0.102457695
Ta-Zr-Bi-C,0.102476963
Hf-V-As-N,0.102781436
Nb-Y-Cu-C,0.102835053
Mo-Cr-Zn-N,0.102844981
Sc-Ti-Cu-C,0.102931704
Zr-Ti-As-N,0.103020552
Ti-Nb-Sn-N,0.103050593
Hf-Zr-As-N,0.103196875
Sc-Y-Ga-C,0.103231436
V-Zr-In-N,0.103324205
Mn-V-Si-C,0.103418952
Zr-Mo-Fe-C,0.10352038
Y-Hf-Tl-C,0.103534844
Y-Sc-Zn-N,0.103572839
Y-Ta-Si-C,0.103789724
Lu-Mo-Au-N,0.103794402
Ti-Lu-S-C,0.103826179
Sc-Nb-As-C,0.103834292
Hf-Nb-Si-C,0.103897361
Y-Lu-Al-C,0.10389804
V-Ta-Au-N,0.104239193
Zr-V-As-C,0.10430154
Nb-Zr-Tl-N,0.104399537
Zr-Mo-Cu-C,0.104427363
Y-Ti-Sn-N,0.104470674
Y-Zr-Cu-N,0.104486996
Y-Ti-Au-N,0.104558241
Hf-V-Cd-N,0.104827113
V-Ta-Cd-C,0.104859596
Sc-Mo-Au-C,0.104882125
Mn-Nb-In-C,0.105247696
Sc-Mn-Sn-C,0.10533039
Mo-V-Ga-C,0.105331176
Zr-Ta-Al-N,0.105351965
Nb-Hf-Sn-N,0.105431685
Hf-Mn-Au-C,0.105516872
Mo-Cr-As-C,0.105529688
Hf-Sc-Ga-C,0.105670567
Mo-Nb-Si-C,0.105802332
W-Nb-In-C,0.105851721
Ta-Mo-In-C,0.105969789
Hf-Ta-Co-C,0.10604963
Mn-Ti-Sn-C,0.106087189
Lu-Hf-S-N,0.106202589
Ta-Hf-Zn-N,0.106276767
W-Y-Sn-C,0.106284834
V-Ti-Cu-C,0.106289724
Zr-Ta-Ga-N,0.10630088
Cr-Nb-In-C,0.106302185
Sc-Lu-Al-C,0.106351464
Nb-Zr-Au-N,0.106372746
Hf-Y-In-C,0.106535441
Lu-Y-In-N,0.106599405
Ta-Hf-Au-N,0.106630483
Zr-Lu-Ga-N,0.106671526
Zr-W-Ge-C,0.106689814
Nb-V-Si-N,0.106847284
Ti-Mn-Ni-C,0.106983306
Sc-Nb-Sb-C,0.107008763
Zr-Y-Cd-N,0.107103911
Ti-Mn-Fe-C,0.107169316
Mo-Nb-Sb-C,0.107207824
Zr-Cr-Au-N,0.107301596
Zr-Mo-Si-C,0.10733682
Mn-Cr-As-C,0.107379415
Hf-Lu-Cd-C,0.107515786
V-Lu-Al-C,0.107553645
Hf-Nb-Ga-N,0.107597355
Nb-Lu-Sn-N,0.108138962
Sc-Lu-Cd-N,0.108338692
Lu-Lu-Al-C,0.108353165
Y-Hf-Sn-N,0.108378006
V-Sc-Al-N,0.108456655
V-Mn-Zn-N,0.108479153
W-Hf-Au-C,0.108674178
Sc-Ti-Ni-C,0.108951028
Ti-Nb-Al-N,0.109161106
Nb-Zr-Pb-N,0.109164381
Y-V-Cd-N,0.109178311
Sc-Lu-Zn-C,0.10930516
Sc-Ti-Sb-C,0.109372953
Lu-Nb-Sn-N,0.109391253
Hf-Cr-Au-N,0.109462132
Ti-Y-In-C,0.109577736
Zr-Mn-Si-C,0.109691134
Ta-Mn-Ge-C,0.109708887
Mo-V-Cd-C,0.109711605
Mn-Nb-Al-C,0.1098015
Ti-W-P-C,0.109950902
Cr-Mo-Sn-C,0.11001273
Mn-Zr-Ga-C,0.110263566
Cr-Ti-Cd-C,0.110423764
V-Mn-Ga-N,0.110510573
Ta-Cr-Ga-N,0.110577572
V-Ti-Sb-N,0.110621538
Cr-Nb-Ga-N,0.110777497
Mn-V-Zn-N,0.110785463
Zr-Hf-Ge-N,0.11091751
Nb-Ti-Tl-N,0.110997996
Lu-Cr-Zn-N,0.111216513
Sc-Hf-Bi-C,0.111318169
Cr-Ti-Ge-N,0.111346909
Sc-Nb-S-N,0.111408457
Cr-V-Zn-N,0.111438417
Y-Hf-Pb-C,0.111453126
Nb-Ti-Co-C,0.111561675
W-Zr-Sb-C,0.111608791
Nb-Hf-Zn-N,0.111640048
Mo-Cr-Ni-C,0.111820809
Ti-V-Cu-N,0.111841113
Ta-Ti-P-N,0.11184359
Nb-Lu-Ga-N,0.112484999
Ti-Mn-Co-C,0.112518255
Lu-Hf-Zn-C,0.112608731
Lu-W-Ge-C,0.112714846
V-Zr-As-C,0.112911576
Y-Y-Ga-C,0.113051582
Zr-Nb-Cd-N,0.113092061
Mo-Lu-S-C,0.11313219
Ta-Mo-As-C,0.113209638
Hf-Cr-Cu-C,0.113233541
W-Nb-P-C,0.113252934
Ti-Lu-Al-N,0.11328812
Nb-Cr-Cu-C,0.113294875
Mn-Mo-In-C,0.113315895
Hf-Sc-Sb-C,0.113587944
Hf-Y-Tl-C,0.113592336
Y-Ti-Si-C,0.113624719
Y-Ti-Cu-C,0.113783682
Zr-Hf-S-N,0.113805858
Cr-Mn-Au-N,0.113935096
V-Cr-Sn-C,0.113944808
Ta-V-Ni-N,0.114101417
Nb-Cr-Ge-N,0.114249047
Y-Cr-Ge-N,0.11442623
Ti-Nb-Ge-N,0.114445424
Nb-Zr-Cu-C,0.114499726
Mn-Sc-Al-C,0.114646672
Lu-V-Tl-C,0.114663
V-Sc-Zn-N,0.114809399
V-Zr-Cu-C,0.114862295
Lu-Cr-Au-N,0.114970926
Ti-Mn-As-C,0.115013108
Sc-Ta-As-C,0.115050301
V-Y-Cd-C,0.115058564
Ti-V-Pb-C,0.115076575
Y-W-In-C,0.115174365
Sc-Nb-Fe-C,0.115230919
Lu-V-Si-N,0.115327261
Ti-Zr-Au-N,0.115356099
V-Nb-Ge-N,0.115406159
Mo-Mn-Ni-N,0.115410606
Y-V-Cu-N,0.1154772
Sc-Nb-Ni-C,0.115525532
Mn-Mo-Zn-N,0.115604664
Mn-Ti-Ga-N,0.115616656
Ta-Sc-Cd-N,0.115651001
Lu-Nb-Cd-N,0.115914582
W-Sc-Au-C,0.116055075
Hf-Lu-Zn-N,0.116121461
Y-Cr-Au-N,0.11629196
Mn-Ta-Ge-C,0.116321214
Mo-Hf-Cd-C,0.116334306
Cr-Zr-Zn-C,0.11676883
Ti-Ta-Tl-C,0.116866579
W-Hf-Si-C,0.116879033
Cr-Y-Ga-C,0.11689014
Nb-V-Sb-C,0.116918423
Ti-Y-Zn-C,0.116959637
Ti-Y-Tl-C,0.117054932
Ta-Cr-P-C,0.117059501
Zr-Mn-Ga-N,0.117070175
Sc-Mo-As-C,0.117265332
Y-Hf-Cd-C,0.117268787
V-Sc-Tl-N,0.117451556
Y-Ti-Fe-C,0.117618787
Zr-Lu-Si-C,0.11786712
Mo-Mn-Sn-C,0.117886732
V-Cr-S-C,0.117903716
Cr-Hf-Ge-C,0.117974133
V-Y-In-C,0.117987009
Zr-Lu-Sb-C,0.118000363
Ta-Nb-Ga-N,0.118025314
Ti-Lu-Zn-N,0.118329135
Ta-Lu-Sn-N,0.118349152
Sc-W-Sn-C,0.118404163
Y-Mo-Ga-N,0.118436096
V-Zr-Sb-C,0.118469634
Ta-Zr-Ge-N,0.118505109
Cr-W-Ga-C,0.118516185
Zr-Y-Ga-C,0.118551304
Zr-Cr-As-C,0.118555467
Zr-Ti-Sb-N,0.118629588
V-Nb-Tl-C,0.11862994
Hf-Mn-Ge-C,0.118635563
W-V-In-C,0.118639994
V-Zr-Ge-N,0.118727121
Zr-Nb-Al-N,0.11889119
Sc-Ta-Zn-N,0.118903069
Lu-Mn-Au-C,0.11892909
Sc-Zr-Ge-N,0.119078141
Y-Lu-Al-N,0.119089576
Ta-Hf-Cu-C,0.119251849
Mn-Cr-Sn-C,0.119281343
Nb-Ti-Cu-N,0.119333904
Hf-Y-Zn-N,0.119380419
Cr-Mn-As-C,0.119489718
V-Lu-Ga-N,0.119505203
V-Hf-As-N,0.119534138
Ta-Cr-Cu-C,0.119587206
W-Ta-Zn-C,0.119606283
Cr-Mn-Cd-C,0.119630815
Ti-Lu-Cd-N,0.119673438
Y-Hf-Ge-N,0.119678615
Mn-Nb-Sn-C,0.119688048
Mn-Cr-In-C,0.119756666
Mo-Mn-Au-C,0.119814191
Y-V-Ge-C,0.119883784
Mo-V-S-C,0.12000383
Nb-Mn-Cu-C,0.120086062
Hf-Sc-Zn-N,0.120284248
Ti-Y-Ga-C,0.120401843
Zr-W-Co-C,0.120564845
Y-Ti-Ge-C,0.120664594
Nb-Nb-Al-N,0.120709353
V-Sc-Cd-N,0.120765592
Ti-Lu-Al-C,0.12089916
Cr-Ti-Zn-N,0.120966498
Sc-Zr-Bi-N,0.121101384
Ti-Hf-Sb-N,0.121279609
Y-Zr-Ge-C,0.121492459
Hf-Mo-P-C,0.121674252
Hf-Ta-Ga-N,0.121686374
Y-Sc-Ge-N,0.121721136
Nb-Mn-Ni-N,0.121730705
Y-Ta-Ge-C,0.121733888
Cr-Sc-Au-C,0.121915428
Zr-V-Tl-C,0.122003196
Cr-V-Cd-C,0.122148451
Y-Hf-Au-N,0.122174896
Nb-Y-Pb-N,0.122245507
Ti-V-Co-N,0.122262654
Zr-Cr-Cd-C,0.122289251
Y-Ti-Ni-C,0.122327817
Ta-Sc-S-N,0.122342621
Mn-Nb-Au-C,0.122460413
Zr-V-S-C,0.12249
Hf-Y-Sn-N,0.122736642
Y-Mn-Au-C,0.1227732
Zr-Ta-Tl-C,0.122869124
Hf-Y-S-C,0.122895203
V-Sc-S-N,0.122934059
Ta-Lu-Ge-N,0.122987793
Lu-Lu-Al-N,0.122990514
Mn-V-Au-C,0.123035943
Nb-Mn-Ga-N,0.123052684
Ti-Ta-Zn-N,0.123112982
V-Ta-Al-N,0.123183447
W-Mn-Ni-N,0.123229173
Y-Zr-Ni-N,0.123376453
Ti-Mo-Si-C,0.123506818
Cr-Lu-Si-C,0.123571208
Nb-Mo-Cd-C,0.123644035
Ti-Mn-In-C,0.123688675
Sc-Cr-Au-C,0.123689386
Sc-Ta-Ga-N,0.123797722
Cr-Mo-Au-C,0.123816494
Nb-Sc-Al-N,0.123934828
Sc-Lu-Al-N,0.124001589
V-Zr-Pb-C,0.124012543
W-Mn-Co-N,0.124021508
Zr-W-Si-C,0.12428181
Ta-Sc-Zn-N,0.124283054
Hf-Mo-Sb-C,0.124429361
Mo-Mn-Co-C,0.124494723
Ta-Mn-Zn-N,0.124495275
Ta-Y-Zn-N,0.124921239
Hf-Nb-Co-C,0.12509948
V-Zr-Au-N,0.125172025
Zr-Sc-Zn-N,0.125176663
Cr-Ti-S-N,0.125209782
Nb-Ti-Ni-N,0.125233722
V-Hf-Bi-C,0.125238998
Mn-Ta-Zn-C,0.125239646
Ta-Ti-Co-C,0.125275724
Cr-Ti-Al-N,0.125282874
Sc-Zr-P-C,0.125318623
W-Cr-Co-C,0.125498637
Ta-V-Cu-N,0.125650821
Mn-V-Sn-C,0.125749038
Sc-V-Co-N,0.125791901
V-Zr-Sn-N,0.125895851
Sc-V-Au-N,0.12598152
V-Ta-Sb-C,0.126039928
Nb-Mn-Fe-N,0.126102148
Zr-V-P-C,0.126129177
Ti-V-Fe-N,0.126375708
Cr-Y-Cd-C,0.12640556
W-Mo-Zn-C,0.126781365
Hf-Cr-Co-N,0.12684951
Lu-Lu-Ga-N,0.127438858
Nb-Cr-In-C,0.127446509
Hf-Mo-Cd-C,0.127563992
Mo-Cr-In-C,0.127603911
Lu-Hf-Au-N,0.12774335
Zr-Lu-Al-C,0.127744076
Mn-Ta-Al-C,0.128042114
Zr-Cr-Sn-C,0.128098516
Lu-Mn-Pb-C,0.128106581
W-Lu-Au-C,0.128126312
Zr-Cr-Ge-N,0.128263527
Lu-Sc-As-C,0.128333704
Nb-Ti-Pb-N,0.128355447
Y-Ti-Fe-N,0.128381366
Mn-Ti-Zn-N,0.128493229
Cr-Lu-Sn-C,0.128503847
Cr-Hf-Zn-C,0.128715508
Zr-Y-Ge-C,0.128767744
Y-V-In-N,0.128827187
Nb-W-Zn-C,0.128921237
Nb-Mn-Si-C,0.128958278
Sc-Nb-Ge-N,0.129023905
Mn-Zr-Zn-C,0.129271069
Y-Mn-Ge-C,0.129294655
Ti-Zr-Bi-N,0.129394772
Ti-Y-Cd-C,0.129674219
Hf-V-Sn-N,0.129696687
Nb-Mo-Sb-C,0.129797582
Nb-Zr-P-N,0.130006948
V-Y-Tl-C,0.130016151
Ti-Sc-Au-C,0.130203036
Nb-Hf-S-N,0.13028892
Ta-Zr-As-N,0.130337315
Ti-W-Si-C,0.130500814
Hf-W-As-C,0.13057837
Sc-V-Pb-C,0.130798412
Hf-Mn-Ni-N,0.130878268
Ti-Mn-Zn-N,0.130916986
Mo-Mn-In-N,0.131123645
Mo-Ta-Sn-C,0.131162343
Ti-Y-Pb-N,0.131187624
Nb-Sc-Ge-N,0.131201573
Y-Ti-Sn-C,0.131205305
Ti-Y-Cd-N,0.131269041
Mn-Ta-Au-C,0.131316484
Ta-Ta-Al-N,0.131547323
Nb-W-Au-C,0.131656346
Sc-Ta-Pb-C,0.13166441
Y-Hf-Co-N,0.131676067
Zr-Lu-Ge-N,0.131776458
Nb-Hf-As-N,0.131803573
Hf-Y-Cd-N,0.131833777
Cr-Lu-Al-C,0.131842646
Lu-Ta-Al-N,0.131927406
Cr-V-Au-N,0.131943521
Zr-V-Sn-N,0.131953134
Mn-Cr-Au-C,0.13196077
Y-Mn-Ga-N,0.131978677
Hf-Mo-Ni-C,0.132003065
Ti-Mn-Ga-N,0.132190218
Ta-Mn-Fe-N,0.132370563
Zr-Nb-As-N,0.132440362
V-Sc-S-C,0.132500999
Mn-Nb-S-C,0.132558749
Mn-Cr-Au-N,0.132581702
V-Y-Ga-N,0.132697374
Cr-V-Al-N,0.132873445
Ti-Y-Sn-C,0.133037307
Ti-Ta-Ge-N,0.133077156
Nb-Y-Cd-N,0.13309107
W-Mn-Zn-N,0.133105511
V-Mo-Cd-C,0.133212571
Lu-Mo-Pb-C,0.133308696
W-Sc-Bi-C,0.133405785
Hf-Mo-Fe-C,0.133486675
Ta-Mn-Ni-N,0.133490846
Sc-Cr-Ni-N,0.133730648
Mn-Ti-Si-C,0.133903104
V-Nb-Sn-N,0.134108684
Zr-Hf-Cu-C,0.134127964
W-Nb-Cd-C,0.134139482
Mn-Mo-Cd-C,0.134360077
Mn-Zr-Ge-C,0.1345164
Ta-Y-Ni-C,0.134569527
Ti-Mn-Cu-C,0.134609413
Zr-W-In-C,0.134735343
Hf-W-Ni-C,0.134843774
Mn-Sc-Pb-C,0.134915552
Ta-Ti-Cu-N,0.135037207
Sc-Zr-As-C,0.135042004
Nb-W-Ge-C,0.13504207
Cr-Mo-Si-C,0.135077918
Ta-Hf-Sn-N,0.135085659
Ta-Nb-Al-N,0.135159035
Mn-Zr-Au-C,0.135194379
Nb-Lu-Ge-N,0.135257891
Mo-Mn-Ge-N,0.135334966
V-Hf-Al-N,0.135337624
Cr-Zr-Al-C,0.135656741
W-Hf-Sn-C,0.135744709
Sc-Hf-Au-N,0.135759032
Ti-V-Bi-C,0.135841178
Y-Ta-Cu-N,0.136033108
Nb-Ti-Sb-N,0.136258316
Mo-Y-Au-C,0.136323941
Ti-Y-Al-N,0.136371077
Sc-Ti-Fe-C,0.136556265
Mn-V-Ge-N,0.136851943
Zr-Sc-Bi-N,0.136892087
Mo-Mn-Cd-N,0.136900828
Lu-V-Au-N,0.137098609
Zr-Mn-Ni-N,0.137207405
Sc-Zr-Sb-N,0.137221744
Mo-V-Ni-C,0.137261193
Mn-Lu-Tl-C,0.137497918
Ta-Ti-Sb-N,0.137543152
Ta-Y-Al-N,0.137650344
Mn-Sc-Bi-C,0.137669487
Y-Y-Ga-N,0.137689903
Lu-Sc-Si-N,0.137790939
W-Mo-Ge-C,0.137832129
Sc-Zr-Au-N,0.137864531
Zr-Cr-Co-N,0.138143729
Nb-Zr-Sb-N,0.138225601
Nb-V-In-N,0.1382269
Y-Mo-Zn-N,0.138244178
Cr-Zr-In-C,0.13825291
Nb-Mn-Au-C,0.138474448
Nb-Hf-Cu-C,0.138527846
Nb-Ti-Fe-N,0.138610486
Y-Mn-Si-C,0.13863924
Nb-Sc-P-C,0.138703365
V-Mo-Si-C,0.13870864
Ta-Ti-Si-N,0.138773552
Hf-V-P-N,0.13884414
Zr-Y-Zn-C,0.138906523
Mo-V-Ga-N,0.139051575
Mn-Y-Cd-C,0.139072108
Y-Lu-Ni-C,0.139078785
Lu-V-Co-N,0.139107112
Lu-Ti-S-C,0.139259346
V-Zr-Tl-N,0.13927614
Lu-Y-Zn-C,0.139306696
V-Sc-Au-C,0.139308411
Ti-Nb-Zn-N,0.139326517
Lu-Nb-Au-N,0.139351049
W-Cr-Ni-N,0.13950868
Sc-Hf-Zn-C,0.139583623
Sc-Y-Ge-N,0.13968829
Mn-Lu-In-C,0.13970074
Cr-Nb-Cd-C,0.139765027
Cr-Mo-Zn-N,0.139817513
Hf-Nb-Cd-N,0.139886981
Mo-Zr-Bi-C,0.140007956
Mn-Nb-Ga-N,0.140014607
V-Mn-In-C,0.140030191
V-Y-Al-C,0.140093546
Ta-Y-Sn-N,0.140166146
Lu-Zr-Cu-N,0.140184688
Sc-Nb-Au-N,0.140245733
Hf-Y-Ga-C,0.140372769
Ti-Mn-Cd-C,0.140454187
Zr-Hf-Si-C,0.140637445
W-Mn-Fe-C,0.140791653
Mn-Hf-S-C,0.140873429
Nb-Sc-Zn-N,0.140884462
W-Ti-Tl-C,0.140910896
Hf-Y-Ge-N,0.141034562
Ta-V-As-N,0.14106771
Y-Nb-Tl-N,0.14117266
Nb-V-Sn-N,0.141184783
Ta-Mn-Au-C,0.141316781
Cr-Hf-Au-C,0.141584924
Ti-Y-Ge-C,0.141783948
Ta-Zr-P-N,0.141848861
Nb-Cr-Au-N,0.141932093
Zr-Lu-Zn-N,0.142165466
Hf-Nb-Ge-N,0.142185363
Zr-V-Sb-C,0.142280065
Cr-Zr-As-C,0.142524125
W-Cr-Si-C,0.142547689
Mo-V-Fe-C,0.14255411
Zr-Sc-Al-C,0.142558528
Mn-Sc-Ni-C,0.142609237
Mo-Ti-Ga-N,0.142665905
W-V-Cd-C,0.142730997
Sc-Hf-P-N,0.142857356
V-W-Au-C,0.142929908
Mo-W-Ga-C,0.143087943
Zr-Nb-S-N,0.143170072
Mn-W-Al-C,0.143178727
Nb-V-Tl-C,0.143186724
Mo-Sc-Ni-C,0.143268183
Sc-Hf-Si-C,0.143305818
Y-Lu-Ga-N,0.143380065
Mn-Ti-S-N,0.143456211
Nb-Ta-Al-N,0.143642465
Sc-Nb-Zn-N,0.143657105
Hf-Ta-Al-N,0.14386815
Lu-Ti-Fe-N,0.143898071
Nb-Y-Al-N,0.144189148
Lu-Mn-Sn-C,0.144290667
Sc-Mn-Tl-C,0.144323838
Mn-Y-Tl-C,0.144497842
Cr-Hf-Al-C,0.144594242
V-Y-Ge-N,0.144829166
Mo-Cr-Ge-N,0.144834829
Sc-Zr-As-N,0.144880927
Hf-Mn-Ga-N,0.144914927
V-Nb-Zn-N,0.145045454
Mn-Nb-Si-C,0.145104706
Y-Y-Al-N,0.145144031
Lu-Nb-Al-N,0.145159468
Hf-Zr-Cu-N,0.145251401
Ti-Y-Si-C,0.145293713
W-Cr-Au-C,0.145308049
Y-Ti-Au-C,0.145346787
Y-Hf-S-C,0.145376183
Lu-V-Sn-N,0.145379007
Hf-Sc-Si-C,0.145425189
Mo-V-Sb-C,0.145441123
V-Nb-Al-N,0.145630744
Mo-Mn-Cu-N,0.145643791
Cr-Ti-Au-N,0.145732344
Hf-Cr-Ge-N,0.145784793
Mo-Mn-Si-C,0.145838649
Mo-Ti-Bi-C,0.14585444
Zr-Mo-Au-N,0.145921938
Nb-Hf-P-N,0.14596238
Zr-Ta-Cu-N,0.145978505
Sc-Mo-Au-N,0.146033434
Hf-Cr-P-C,0.146079454
Hf-Lu-Al-C,0.146120998
V-Zr-P-N,0.14612661
Lu-Zr-Si-C,0.146163236
Nb-Lu-Sb-C,0.146278515
V-Zr-S-N,0.146324588
Hf-Mo-Cu-C,0.146326928
V-Nb-Ni-C,0.146334034
Zr-Sc-As-C,0.146409367
Y-Nb-Cu-N,0.146413371
Ta-Ti-Tl-N,0.1464819
Ta-Zr-Tl-N,0.146539204
Nb-Mo-P-C,0.146585389
Ta-Mo-Cd-C,0.146629605
Sc-Ta-Al-N,0.146641343
Cr-Y-In-C,0.146652432
V-Nb-Pb-C,0.146675201
Cr-Nb-Au-N,0.146701946
Zr-Hf-Co-N,0.14682817
W-Zr-Tl-C,0.14747136
V-Ta-Ge-N,0.147521213
Sc-Y-Cd-N,0.14760826
Cr-W-Zn-C,0.147632294
Lu-Ti-Au-C,0.147649084
Ti-Cr-Ni-N,0.147798577
Hf-Cr-In-C,0.147812868
Cr-Zr-Cd-C,0.147914495
Lu-Y-Si-C,0.147921345
Sc-Mn-Zn-N,0.147929745
Lu-Cr-Ge-N,0.147955383
Hf-Nb-Al-N,0.147960886
Hf-Sc-Al-C,0.148108444
Y-Ti-Pb-N,0.148154476
Nb-Sc-As-C,0.148170397
Sc-W-Au-C,0.148175376
Mn-Cr-Cd-C,0.148353968
Y-Nb-Au-C,0.148371865
Zr-Sc-Sb-N,0.148531255
V-Mn-Cd-C,0.148626746
V-Ta-Zn-N,0.148852758
Ta-Ti-Ni-N,0.148901217
Hf-Mn-Si-C,0.149099032
Hf-Mn-Fe-N,0.149112197
W-V-Fe-C,0.149264665
Y-Ta-Ni-N,0.149442297
V-Nb-Cu-C,0.149478437
Mn-Zr-Sn-C,0.149500175
V-Mn-As-C,0.149563197
Mo-W-Al-C,0.149592073
Mn-Mo-Ga-N,0.149607733
Ti-Zr-Si-N,0.149662399
Y-Y-Al-C,0.149779812
Y-Hf-Si-N,0.150019922
Hf-Zr-Si-C,0.150225677
Zr-Y-Al-C,0.150238541
V-Sc-Pb-N,0.150274486
Hf-Zr-Sb-N,0.150346217
Mo-Cr-Cd-C,0.150396602
Mn-Cr-Ni-N,0.150708633
Ta-Hf-Ge-N,0.150727335
Lu-W-Au-C,0.15083996
Cr-V-As-N,0.150958279
W-Y-Au-C,0.151051456
V-Ta-Ni-C,0.15123188
Nb-Y-S-C,0.151291929
Ti-Nb-As-N,0.151443469
Hf-Y-Cd-C,0.151444862
Y-Mo-In-N,0.151525615
Mn-Ta-P-C,0.151619206
Lu-W-Sn-C,0.151636588
Ti-Hf-Ni-N,0.151723434
Mo-Sc-As-C,0.151747657
Sc-Hf-As-N,0.151864554
Lu-Nb-Au-C,0.151869869
W-W-Ga-C,0.152133777
Hf-Zr-Bi-N,0.15215465
V-Mn-Au-N,0.152353921
Sc-Y-Zn-N,0.152392029
W-Mn-Ni-C,0.152542918
Cr-V-Sb-C,0.152588087
V-Lu-In-N,0.152643083
W-Lu-S-C,0.152739369
Ti-W-Sn-C,0.152743512
Ta-Sc-As-C,0.152781454
W-Zr-S-C,0.152884377
Ti-V-Sb-N,0.152951582
Sc-Lu-Au-C,0.152992131
Mo-Ta-Si-C,0.153032202
Lu-Mo-Sb-C,0.153085121
Zr-W-Cd-C,0.153130295
Zr-Y-Si-C,0.153142762
Mn-Sc-S-N,0.153153031
Mn-Ta-In-C,0.153261853
Y-V-Fe-N,0.15329722
Ta-Mn-Si-C,0.153335573
Lu-Mn-Zn-N,0.153478081
Y-Ta-Cd-N,0.153620265
Mn-Mo-As-C,0.153766654
V-Mn-Ge-N,0.153772062
W-W-Al-C,0.153776116
Sc-Ti-Bi-N,0.153949201
Hf-Nb-As-N,0.154063956
Cr-Ta-Sn-C,0.154126016
Ti-Nb-S-N,0.15418671
Sc-Mn-Sb-C,0.154211557
Nb-Cr-Cd-C,0.154235566
Nb-Hf-Ge-N,0.154433693
Hf-Sc-Si-N,0.154435075
Mo-Sc-P-C,0.154444196
Cr-Zr-P-C,0.154457116
Sc-Y-Al-N,0.154465837
Cr-W-Ge-C,0.154570314
Hf-Nb-Zn-N,0.154635204
Ta-Cr-In-C,0.154686575
Cr-V-Ni-C,0.154780059
W-V-Ni-C,0.155025152
Cr-Ta-In-C,0.155276307
Zr-Sc-Au-N,0.155319372
Cr-Ti-Sn-N,0.155330034
Ta-Y-Si-N,0.155393879
V-Ti-Ni-N,0.155578145
Zr-Mn-Sn-C,0.155837259
V-Sc-Bi-C,0.155931326
V-Zr-Ni-C,0.155976626
Hf-Lu-Bi-C,0.156002909
Ti-Cr-As-N,0.156151138
Zr-W-Sn-C,0.156364848
Mo-Nb-Ga-N,0.156551081
Mo-Hf-Tl-C,0.156730986
Ta-Zr-Cu-N,0.15689767
Mn-Cr-Co-N,0.156961885
Zr-V-P-N,0.157141852
Lu-Ta-Cu-N,0.157353671
Hf-W-Fe-C,0.157388578
Lu-Nb-As-N,0.157468433
Mo-Ti-As-N,0.157504763
Sc-Lu-Cu-C,0.158096099
Cr-V-Si-N,0.158107494
Y-Nb-Ni-N,0.158316505
Y-Mo-Pb-C,0.158462551
Cr-Nb-Ge-N,0.158790773
W-Mo-Au-C,0.158925396
Y-Sc-Co-N,0.158993515
Ta-Nb-In-N,0.159106711
Sc-Nb-Al-N,0.159192688
Mo-Mo-Ga-N,0.159196934
Zr-Mo-Zn-N,0.159337365
Zr-Sc-P-C,0.15933783
Sc-Mn-Ga-N,0.1594002
Mn-Cr-S-C,0.159413705
Mo-Sc-Ga-N,0.159419983
Mo-V-Co-N,0.159420805
Zr-Cr-Al-N,0.159494405
Hf-Y-Si-N,0.159504425
Ta-Ti-Fe-N,0.159505651
W-Zr-Cu-C,0.159559567
Ti-Sc-Cu-N,0.160139977
Hf-Mo-Au-N,0.160172588
Sc-Mo-Bi-C,0.160176836
Y-Sc-Si-N,0.160198133
Ti-Y-Al-C,0.160243326
Lu-Hf-Co-N,0.160248985
Zr-Sc-Cu-C,0.160274439
Zr-Mn-Fe-N,0.160294682
Y-Cr-Pb-C,0.160381273
Y-Zr-Au-C,0.160613033
Mn-W-Zn-C,0.160700599
V-W-As-C,0.160726081
Nb-Y-Fe-C,0.160818525
Cr-Ti-Tl-C,0.160832001
Mn-Mo-Ge-N,0.160857432
Lu-Zr-Sb-N,0.160925042
Lu-Ta-Au-C,0.16092645
Sc-Hf-Cu-N,0.160936168
V-Mo-P-C,0.161110957
Zr-Ta-Cd-N,0.161166664
Nb-Y-S-N,0.161326276
Cr-Lu-Au-C,0.161419144
W-Ti-Ga-N,0.161518827
Lu-Mn-Ga-N,0.161562529
W-Sc-P-C,0.161779484
Y-Ta-Au-C,0.16178186
Nb-V-Cd-N,0.161911525
Y-W-Ge-C,0.161914873
Zr-Cr-Sb-C,0.161918133
Nb-Mn-Sn-C,0.161921932
Nb-Zr-Bi-N,0.162104345
Cr-Nb-Sb-C,0.162124557
Mn-Lu-Al-C,0.162166611
Mn-Mo-Sn-N,0.162180292
Ti-Ta-Cu-C,0.162206701
Mo-Y-Co-C,0.162290313
Cr-Sc-S-C,0.1623922
Cr-Hf-Ga-N,0.162419725
Sc-Mn-Bi-C,0.162567218
Mn-Hf-As-C,0.162621507
Mn-Mo-Au-N,0.162720211
Mo-Cr-Cu-C,0.16279218
Mn-Cr-Fe-N,0.162922819
Lu-Cr-Tl-C,0.162997536
Ti-Nb-Cu-C,0.163085465
Nb-Mn-Cu-N,0.163258105
V-Y-Zn-N,0.163298234
Ti-Mn-S-N,0.163310354
Mn-Ta-S-C,0.163367241
Zr-Y-Bi-C,0.163393787
Zr-V-Pb-C,0.163400339
Ta-Lu-Zn-N,0.163518074
V-Mn-S-C,0.163760544
Ti-Ta-Sn-N,0.163764613
V-Lu-Tl-N,0.164127989
Nb-Lu-Zn-N,0.164255057
Mo-Sc-Ge-N,0.164273482
Sc-Y-Si-C,0.164273885
V-Hf-Tl-N,0.164486702
Mn-Ti-Ge-N,0.164561863
Lu-Mo-Ga-N,0.164690741
Ti-Sc-Sb-N,0.164979756
Mn-Lu-Pb-C,0.165030259
W-Mn-Au-N,0.165061446
Mo-W-Fe-N,0.165098524
Cr-V-Sn-N,0.165129758
Y-Zr-Bi-C,0.165138326
Y-Lu-Ge-N,0.16524098
Mn-Cr-Sn-N,0.165271923
Ti-Lu-Bi-C,0.16535245
Zr-Ta-Ni-N,0.165369576
Lu-Y-Ga-C,0.165577434
W-Mn-Ga-N,0.165729208
Cr-Hf-Sn-C,0.165809183
Zr-Ta-In-N,0.16605364
Cr-Sc-Bi-C,0.16609652
Cr-Mo-In-N,0.166171368
W-Mo-Sn-C,0.166406014
V-Ta-Cu-C,0.166595947
Lu-Ta-Cd-N,0.1666064
Hf-Lu-Sb-C,0.16674407
Lu-Y-Ge-N,0.166889289
Mn-Y-Pb-C,0.16702398
Nb-Mo-Ni-C,0.167028509
Cr-Ti-Si-N,0.1670485
Ti-Ta-Pb-C,0.167141129
Ta-Sc-Si-N,0.167412622
Nb-Y-Au-C,0.167489899
Cr-Mn-Ni-C,0.16755026
Zr-Mo-Ga-N,0.167592661
Zr-Mo-Tl-C,0.167749849
V-Y-Pb-C,0.16781417
Mn-Y-In-C,0.16790199
Y-Ta-Sn-C,0.167906737
Ta-Cr-Ge-N,0.16810184
Y-Hf-S-N,0.168184889
Nb-Mn-Au-N,0.16828403
Lu-V-Pb-C,0.168311616
Ta-Mo-P-C,0.168509557
Mn-Cr-P-C,0.168529076
V-Cr-Co-C,0.168756823
V-Y-Tl-N,0.168785677
Cr-Zr-S-C,0.168786365
V-Ti-Bi-N,0.168884275
Ta-Cr-Au-N,0.168930275
Zr-Cr-P-C,0.168970644
Mo-Lu-Sb-C,0.168982627
V-Y-In-N,0.169334989
Ta-Lu-Fe-C,0.16949158
Nb-V-Pb-C,0.169614141
V-Zr-Si-N,0.169784593
Y-Zr-Si-C,0.169831702
Sc-Ta-Sb-C,0.170054323
Zr-Nb-P-N,0.170131735
Ta-Lu-Al-N,0.170220491
Nb-Mo-Fe-C,0.170222587
Ta-Y-Au-C,0.170240842
Sc-Ta-Sn-N,0.170274156
Y-Sc-Au-N,0.17028432
Cr-Sc-S-N,0.170551403
Hf-Sc-Au-N,0.170737682
Cr-Zr-Sb-C,0.170765992
Mo-Cr-Au-N,0.170838184
Cr-Nb-Sn-N,0.171000794
Cr-Y-Al-C,0.171004204
Mn-Ti-Al-N,0.171225006
Cr-Nb-Zn-N,0.171375684
Y-Zr-Fe-N,0.171480098
Nb-Zr-Cu-N,0.171513314
Ta-Zr-Pb-N,0.171673416
V-Cr-As-N,0.171674241
Lu-Nb-Cu-N,0.171857618
Mn-Ti-In-N,0.171975074
Lu-Sc-Au-N,0.172095996
Zr-Mo-S-C,0.172199002
Cr-Sc-Ga-N,0.172245593
Sc-Nb-P-N,0.17251114
Mo-Ti-Al-N,0.172517855
Nb-W-Si-C,0.172531845
Mn-Sc-Ga-N,0.17254908
Hf-Mo-S-C,0.172639611
Hf-Cr-Cd-C,0.172652242
Mo-Hf-Ga-N,0.172689937
Sc-Ti-As-C,0.172779403
Ta-V-In-N,0.172897219
Mo-Ti-In-N,0.172990422
Lu-Mn-Bi-C,0.173003084
Ti-Cr-S-N,0.173044388
Cr-Nb-As-N,0.17312249
Lu-Zr-Ni-N,0.173186708
Hf-Y-Al-C,0.173341027
Sc-Mn-S-N,0.173382511
Lu-Hf-P-N,0.173495371
Nb-Lu-Al-N,0.173496861
Sc-W-P-C,0.173522861
Hf-V-S-N,0.173548138
Nb-Sc-Bi-N,0.173834003
Ta-Cr-Cd-C,0.173861949
Ta-Y-S-C,0.173972827
Nb-Ta-Co-C,0.173982584
Ti-Mn-Au-N,0.174039062
Hf-Mn-Au-N,0.174162323
Lu-Zr-As-N,0.174268408
Hf-Sc-As-C,0.174324964
Lu-Nb-Tl-N,0.174355955
Sc-Hf-Sb-N,0.174408567
Ta-Cr-S-C,0.174421425
Lu-Hf-Si-N,0.174504559
Y-Mn-Tl-C,0.174506607
Mo-Zr-As-N,0.174514501
Zr-Hf-Bi-N,0.174579132
Hf-Ta-Cu-N,0.174652714
Y-Mo-Ge-N,0.174892893
Cr-Zr-Ga-N,0.174897468
Lu-Zr-P-C,0.175112245
Hf-W-Cu-C,0.175236395
W-Nb-Sb-C,0.175285491
Zr-Nb-Sb-N,0.175347624
Nb-Ta-Fe-N,0.175399362
Lu-Zr-Au-C,0.175420797
Lu-Ta-Ni-N,0.175435131
Sc-Mo-Ga-N,0.175545708
Sc-Hf-Au-C,0.175582357
W-Ta-In-C,0.175632192
Ta-Lu-Pb-N,0.175694507
Lu-Ti-Bi-C,0.175710215
Hf-Lu-Si-N,0.175712474
Lu-Y-Al-C,0.175740019
Zr-Hf-Ni-C,0.17575332
Hf-Sc-P-C,0.175911787
Lu-Mo-Zn-N,0.175967508
Mo-Zr-Ga-N,0.176029548
Hf-Mn-As-C,0.176122306
Mn-Sc-Sb-C,0.176235534
Zr-Ta-Fe-N,0.17624048
Zr-Sc-Cu-N,0.176389668
Ta-Lu-Sb-C,0.176465239
Y-Hf-Cu-C,0.176580559
Cr-Mo-Fe-N,0.176705866
Y-Sc-As-C,0.17673381
Cr-Ta-Ga-N,0.176736385
Mo-Sc-Sn-N,0.176789198
Ti-Y-Cu-N,0.176856082
Lu-Sc-Co-N,0.176860231
Ti-Mn-Ge-N,0.176881044
W-Ti-Pb-C,0.177065965
Y-Mo-Sn-N,0.17710095
Ti-Ta-As-N,0.177324774
Cr-Y-Si-C,0.177339848
Y-Zr-Co-C,0.177478029
Zr-Nb-Tl-N,0.178239814
Ta-V-P-N,0.17837546
Ti-Cr-Fe-N,0.178536895
Sc-Ta-Au-N,0.178564545
Mn-Cr-Cu-N,0.178585027
Mn-Ta-Si-C,0.178636472
Ti-Nb-P-N,0.178710442
Cr-Mn-Sn-N,0.178724464
Zr-Cr-As-N,0.178886331
Sc-Ta-Ge-N,0.178913769
Hf-Y-Cu-C,0.179016042
Y-Mn-Ni-N,0.179095212
Ta-Ti-Pb-N,0.179175629
Sc-Y-Cu-N,0.179406267
V-Mn-Fe-C,0.179423721
Lu-Y-Ge-C,0.179648655
Mo-Lu-Fe-C,0.179658459
Y-Lu-Zn-N,0.179724454
Sc-Cr-As-N,0.179739208
Lu-Hf-Sb-C,0.179790923
Mo-V-Ge-N,0.179889744
Mn-V-In-N,0.180029655
W-Ti-Al-N,0.180114731
Cr-Mn-S-N,0.180223237
Hf-V-Bi-C,0.180224482
Cr-W-Au-C,0.180269011
Cr-Hf-Si-C,0.180296516
Ta-Hf-Ni-C,0.180352478
Lu-Sc-P-C,0.180361689
Hf-Ta-Ge-N,0.180485384
Mn-Zr-S-N,0.18050633
Ta-Nb-Ni-C,0.180609166
Sc-Ti-P-C,0.180616441
Mo-Mn-As-N,0.180648801
Zr-W-P-C,0.180651096
W-Ti-Cu-C,0.180742336
Zr-Mn-Cu-N,0.18078453
Nb-Mn-S-N,0.180973457
Lu-Mn-Ni-N,0.180992251
Cr-Ti-Cu-C,0.181307874
Mn-Hf-In-C,0.181550262
Cr-Y-Ge-C,0.181600923
Lu-Sc-Bi-N,0.181612518
Ti-W-Ni-C,0.181783558
Y-Cr-Tl-C,0.181835837
V-Y-Cu-C,0.181885592
Y-V-Au-C,0.181905884
Mo-V-Zn-N,0.181913131
Ta-V-Tl-C,0.182196465
Cr-Ta-Cd-C,0.18229052
Hf-Lu-Cu-N,0.182307503
Mo-V-Au-N,0.182502237
Nb-Cr-S-C,0.182530072
Lu-Y-Al-N,0.182738954
Ta-Mo-Ni-C,0.182753075
Hf-Mn-Cu-N,0.182775344
Ta-Mo-Sb-C,0.183166229
Lu-Nb-Sb-N,0.183190747
Cr-Mn-Sb-C,0.183325564
Zr-Y-Cu-N,0.183394377
Ta-Zr-S-N,0.18344139
Ta-Zr-Sb-N,0.183485686
Ta-Mo-Fe-C,0.183515194
Hf-Cr-Al-N,0.183639532
Lu-Ta-In-N,0.183652913
Mo-Y-Ga-N,0.183678395
W-V-Ga-N,0.183697076
V-Cr-In-N,0.183931809
Cr-Ta-Ni-C,0.184141937
Mn-Ta-Sn-C,0.184430421
Mn-Hf-Au-N,0.184535879
W-Zr-Ni-C,0.184686414
W-Mn-In-C,0.184720354
Mo-Zr-Ge-N,0.184835514
Sc-V-Sb-C,0.18497468
Mn-Lu-S-N,0.185016845
Mn-V-Cd-N,0.185162399
Y-Ta-In-N,0.185282849
Nb-Hf-Ni-C,0.185295235
V-Nb-Si-N,0.185298991
Nb-Mo-Cu-C,0.185316829
Mo-Sc-In-N,0.185336763
Y-Ta-Fe-N,0.185436336
Lu-Y-Zn-N,0.18549065
Y-Nb-Pb-N,0.185673479
Nb-Lu-Fe-C,0.185727274
Mo-Hf-Cu-C,0.185765024
Lu-Hf-Cu-C,0.1858475
V-Hf-Ni-N,0.185914969
W-Mo-Fe-N,0.186088208
Mn-Ti-As-N,0.186168115
Hf-Sc-P-N,0.186256055
Ta-V-Cd-N,0.186286799
V-Mn-In-N,0.18633046
Ti-Ta-Bi-C,0.1865987
Y-Lu-As-C,0.186673146
Zr-Y-Au-C,0.186817108
Cr-Y-Au-C,0.186891028
Cr-Ti-Pb-C,0.187039551
Cr-Ta-Au-N,0.187094417
Nb-W-Co-C,0.187347716
Ta-Mn-Cu-N,0.187666356
Zr-Nb-Ni-N,0.187847108
Ta-Y-Cu-N,0.187853819
W-Ti-Ge-N,0.187918004
Zr-Lu-Bi-N,0.187931106
Nb-Y-Co-C,0.188025428
Mn-Mo-Sb-C,0.188270356
Y-Mn-Sn-C,0.188270583
Sc-Mn-Ni-N,0.188338644
W-V-Co-N,0.188558291
Cr-Mn-Co-N,0.188802254
Mn-Zr-Bi-C,0.18896746
Mn-Ti-Cd-N,0.18898094
Mo-Cr-Sn-N,0.189099211
Hf-W-In-C,0.189408649
Y-Hf-Ni-C,0.189433246
Ti-Y-S-C,0.189614583
Nb-Sc-Au-N,0.189731408
Lu-Nb-Ni-N,0.189844178
Ta-Sc-Au-N,0.189895516
Lu-Nb-Pb-N,0.190320949
Zr-V-S-N,0.190773197
Hf-Mo-Zn-N,0.190925944
Sc-V-As-C,0.19109555
Y-V-Sn-C,0.191375201
Hf-Nb-Cu-N,0.191379202
W-Cr-Sn-C,0.191435684
Sc-Cr-Fe-N,0.191587778
Mn-Ta-Cd-C,0.191716275
W-Ta-Cd-C,0.191724494
W-Hf-Cu-C,0.191958425
Ta-Sc-P-N,0.192174755
Hf-Ta-Pb-C,0.192334265
V-Y-Al-N,0.192364667
Ti-W-Fe-C,0.192403879
W-Mn-Ge-N,0.192541505
Hf-Ta-Ni-N,0.192570193
Zr-Hf-Si-N,0.192890142
W-Sc-Ga-N,0.192915095
Mn-Cr-Sb-C,0.19291618
Hf-Lu-Au-C,0.192923013
Cr-W-Fe-N,0.192923545
Sc-Zr-Cu-C,0.192963719
Sc-Hf-Bi-N,0.193070593
V-Mn-Ni-C,0.193090412
V-Lu-Cd-N,0.193103615
Cr-V-Cu-C,0.193117689
Zr-Lu-Au-N,0.193253421
Zr-Sc-Si-N,0.193423242
Nb-Mo-Ga-N,0.193429111
Mo-V-Cu-C,0.193438721
W-Mn-Cd-C,0.193699086
V-W-P-C,0.193892394
V-W-Ga-C,0.193975632
V-Y-Si-N,0.19401718
Mo-Zr-In-N,0.194026406
Zr-Mn-S-N,0.194218367
Ti-Mo-Ga-N,0.194342547
W-Mn-Sn-C,0.194345489
Zr-Nb-Fe-N,0.194401029
Lu-Nb-Bi-C,0.194442631
Mn-Hf-Ga-N,0.194571848
Mn-Nb-In-N,0.194588571
Hf-Mo-Ga-N,0.194801874
V-Lu-Pb-N,0.19488994
Ta-Mo-Co-C,0.195091537
Mo-Ta-Sb-C,0.195162015
Zr-Sc-Ni-C,0.195182761
Ta-W-Ni-C,0.195404255
V-Sc-Sb-N,0.195486346
Mo-W-Au-C,0.195569109
Mo-Nb-Ni-C,0.195720547
Cr-Nb-Ni-C,0.195748837
Cr-Hf-As-N,0.195749905
Y-Zr-P-N,0.195808356
V-Cr-Ni-N,0.195957654
Ti-W-Cu-C,0.195967937
Nb-Y-Au-N,0.195985818
Nb-W-In-C,0.196074002
Hf-W-Sn-C,0.196414109
Hf-V-Sb-N,0.196431748
Lu-Zr-Co-C,0.196641763
Hf-Lu-Au-N,0.196664299
W-Sc-As-N,0.196995564
Mn-Mo-Ni-C,0.197034154
Mo-Lu-Ga-N,0.197137778
Mo-Ti-Cd-N,0.197328413
Ti-Mn-Co-N,0.19742343
Nb-Sc-Cu-C,0.197515189
Hf-Ta-Cd-N,0.197520114
Sc-V-S-C,0.197559619
Ti-Ta-Ni-C,0.1980139
V-Ta-Si-N,0.198054999
Mn-Cr-Cu-C,0.19807152
Sc-Cr-Cu-N,0.198078158
Mn-Hf-Zn-N,0.198124975
V-Hf-Pb-N,0.198398783
Ti-W-Co-C,0.198576885
Zr-Nb-Pb-N,0.198762917
Mn-V-As-N,0.198779515
Lu-Mo-As-C,0.19879327
Lu-Ti-Sb-N,0.198927497
Ta-Mo-Cu-C,0.199549775
Mn-Cr-Ni-C,0.199696225
Hf-Mn-Sn-C,0.199733003
Ta-Lu-S-N,0.199886185
Zr-Mo-Pb-C,0.199987308
Hf-Ta-Fe-N,0.200024643
Ti-Sc-P-C,0.200144369
Nb-Hf-Sb-N,0.200197066
W-Zr-Pb-C,0.200220765
Zr-V-Tl-N,0.20023656
Ti-Sc-P-N,0.200375247
Nb-Mn-In-N,0.200563062
V-Sc-As-N,0.200568303
Lu-Cr-Co-N,0.20062652
Sc-Cr-Bi-C,0.200661233
Mn-Y-Ni-C,0.200806119
Ta-Zr-Co-C,0.200866174
Sc-Mo-Sn-N,0.200905239
Ti-Mn-Sb-C,0.201028327
Mn-Cr-Fe-C,0.20106256
Nb-Mo-Zn-N,0.201120097
Mo-Hf-Pb-C,0.20115994
V-Mn-P-C,0.201203989
Hf-Cr-S-C,0.201262002
Hf-Sc-Bi-N,0.2013255
Mn-V-Al-N,0.2013699
Cr-W-Si-C,0.201398953
Zr-Sc-As-N,0.20150635
Nb-Cr-Sb-C,0.201620289
W-Nb-Ni-C,0.201725753
Ti-Cr-P-N,0.201890973
Ti-Ta-Fe-C,0.201914456
V-Mo-S-C,0.201926191
W-Ti-Ni-C,0.20198909
V-Cr-Fe-N,0.202037102
V-Lu-Al-N,0.20212934
Ti-Nb-Sb-N,0.202160033
V-W-Ni-C,0.202217959
Nb-Y-Ga-C,0.20222063
Zr-Mo-Ge-N,0.202663385
Cr-Zr-Tl-C,0.202726722
Zr-Y-Sb-C,0.202780135
V-Hf-Sb-N,0.202851503
V-W-In-C,0.202916875
Y-Nb-Si-N,0.202918417
Lu-Ta-Fe-N,0.202980573
Sc-Mo-As-N,0.203067902
Nb-Mn-Cd-N,0.203293622
Ta-W-As-C,0.203298337
Ti-Cr-In-N,0.203467879
V-Cr-Cd-N,0.203608724
Lu-Nb-S-N,0.203636658
Nb-Cr-P-N,0.20365326
Ta-Mn-Sn-C,0.203659724
Ta-Lu-Si-N,0.203772542
V-Sc-P-N,0.203814063
Mn-V-S-N,0.203819988
Ti-Mo-Co-C,0.203835628
W-Mn-Cu-C,0.203848739
Cr-Ti-Ni-C,0.203939923
Zr-Ta-Bi-C,0.203985472
Mn-Sc-Sn-N,0.20405412
Mn-Mo-Cu-C,0.204113214
W-V-Sb-C,0.204289576
Cr-Nb-Cu-C,0.204305278
Mo-Hf-Al-N,0.204345347
Sc-Mn-Co-N,0.204451874
Sc-Hf-Cu-C,0.204606729
V-Sc-Cu-N,0.204627657
Ta-Nb-Cd-N,0.204665906
Hf-Ta-As-N,0.204860644
Y-Mn-Cd-N,0.20497282
Mn-Hf-P-C,0.204997412
W-Cr-Cu-N,0.205097558
W-Zr-Bi-C,0.205144701
Mo-Zr-Zn-N,0.205265155
Sc-V-P-C,0.205281603
Ta-Zr-Ni-N,0.205350701
Y-W-Tl-C,0.205354381
Sc-Lu-Au-N,0.205354887
Mo-Hf-Au-N,0.205408926
Cr-Mo-Cd-N,0.205542296
Cr-Hf-Al-N,0.205585781
Y-V-Tl-N,0.20561974
Ta-Y-Au-N,0.205630844
Ta-Nb-Bi-C,0.20579322
Mo-Hf-Zn-N,0.205821284
Nb-W-Sn-C,0.205973532
W-Cr-Ga-N,0.206161381
Sc-Lu-Co-C,0.206230944
Ta-Y-Fe-C,0.206311007
Ti-Mo-Ge-N,0.20642288
Sc-Mn-Au-N,0.206498783
Mn-Hf-Cd-C,0.206517454
Sc-Mo-In-N,0.206558789
Nb-Cr-Sn-N,0.206970965
Mo-W-Zn-C,0.207021116
Mo-Ta-Ga-N,0.207086668
Lu-Y-Cu-N,0.207093505
Lu-Ta-As-C,0.20709693
Mo-Cr-Cd-N,0.207185029
Zr-Lu-As-C,0.207242906
V-Ta-Tl-C,0.207252145
Y-W-Ga-N,0.207324223
Cr-Ta-Cu-C,0.207421587
Mo-Cr-Sb-C,0.207476568
Sc-Mn-Pb-C,0.207728407
Y-Ti-S-N,0.207882791
Zr-Ta-As-N,0.207948207
V-Mn-Sb-C,0.207988373
V-Mn-Cu-C,0.208188933
Zr-Cr-S-N,0.208242577
Mo-W-Ge-C,0.208450456
Sc-Lu-Bi-N,0.208726082
Mn-Sc-Fe-C,0.208769272
Lu-Hf-Ni-C,0.20890594
Hf-W-Cd-C,0.208970292
Nb-Ta-In-N,0.208989582
Ta-W-Fe-C,0.209195963
Y-Nb-Fe-N,0.209347433
Nb-Y-Bi-C,0.209465322
Y-Mn-In-N,0.209546459
Mo-Lu-Ge-N,0.209736812
Y-Mn-Bi-C,0.209826533
Lu-Nb-P-N,0.209931905
Nb-Ta-Ni-N,0.209956972
Mn-Zr-Al-C,0.210068535
Hf-Nb-Tl-N,0.210086
W-Mo-Ga-N,0.210397692
Cr-Mn-P-N,0.210559905
Ti-Y-Au-C,0.210585707
Cr-Zr-Ge-N,0.210845975
Nb-Lu-Sb-N,0.211061519
Nb-Ta-Ge-N,0.211062676
W-Zr-Fe-C,0.211133349
Ta-Hf-Co-C,0.211259163
Sc-Lu-P-C,0.211345234
Lu-Y-Co-C,0.211702284
Mo-Nb-In-N,0.211753145
Ti-Cr-Cu-N,0.211768788
Hf-Ta-Bi-C,0.211775902
Cr-Hf-Ge-N,0.211832412
Y-Cr-Co-N,0.211863935
V-Y-Sn-N,0.211872635
Mo-Lu-S-N,0.211921824
Cr-Hf-P-N,0.212102669
Nb-Lu-As-N,0.212411883
Mn-Zr-In-N,0.21279083
Mn-Ti-Bi-C,0.212827214
Y-Cr-Al-N,0.212855106
Mn-Y-Al-C,0.212921406
Ta-Mn-S-C,0.213021305
Hf-Nb-Fe-N,0.213049485
W-Nb-Ga-N,0.213113603
Mo-Nb-Sn-N,0.213139013
Sc-Nb-Bi-N,0.213213835
W-Lu-Bi-C,0.213292568
Nb-Ta-Zn-N,0.213356462
Lu-Mo-Ge-N,0.213377294
Cr-Y-Sn-C,0.21354382
W-V-Ge-N,0.213654908
W-Y-Fe-C,0.213767363
Ta-Nb-Co-C,0.213851625
Zr-Lu-P-C,0.213894318
Sc-Hf-Ni-N,0.213942586
Nb-Lu-Si-N,0.213954436
W-Y-Ga-N,0.214052182
Cr-Ta-Zn-N,0.21428145
Y-Ta-Si-N,0.214287882
Mo-Zr-Cd-N,0.214332636
Y-W-Au-N,0.214337231
W-Ti-Zn-N,0.214626079
Cr-W-Ni-C,0.214723607
Mo-Ta-Cu-C,0.214865251
Mn-V-Ni-N,0.214935039
Cr-Zr-Zn-N,0.214942692
Cr-Mo-Ni-N,0.214951563
Hf-Sc-Cu-C,0.21517547
Hf-Cr-Sb-C,0.215301658
Y-Mn-Cu-N,0.215375129
Cr-Zr-Sn-N,0.215519092
V-Mn-Co-N,0.21560601
Ti-Nb-Ni-C,0.215746614
Sc-Cr-S-N,0.216029052
W-V-Cu-C,0.216086394
W-Zr-As-N,0.216152953
Ti-Nb-Cu-N,0.216231671
Y-Mo-Sb-C,0.216248421
Mn-Nb-Cd-N,0.216515952
Ti-Ta-P-N,0.216572781
Nb-Mo-Ge-N,0.216594475
Hf-Y-Au-N,0.216707476
Hf-Nb-Sb-N,0.216749855
V-W-Cd-C,0.216783691
Mo-Zr-Al-N,0.216825821
Sc-Mn-Ge-N,0.216970432
Sc-Y-Al-C,0.217071316
Cr-Sc-In-N,0.217079194
Sc-Ta-Co-N,0.217138243
W-Nb-Cu-C,0.217225969
Hf-Mo-Tl-C,0.217236155
Zr-Sc-Ni-N,0.217286739
Ti-Cr-Al-N,0.217932486
Ti-Cr-Cd-N,0.218089653
Mn-Hf-Cu-C,0.218292861
Lu-Cr-Sb-C,0.21844973
Y-Nb-Sb-N,0.218483008
Nb-Sc-Si-N,0.218590035
Y-Lu-Au-N,0.218672014
Sc-Mn-As-C,0.218745787
Sc-Cr-In-N,0.218752021
Nb-Mo-Au-N,0.218797705
Lu-Mo-Sn-N,0.218947914
V-W-Sn-C,0.219083941
Nb-Lu-Au-N,0.219388863
Mn-Nb-As-N,0.219561867
Y-Zr-Sb-N,0.219622595
V-Mn-Sn-N,0.219713983
Hf-Lu-P-N,0.21977203
W-Mo-As-C,0.21995001
V-Zr-Bi-N,0.220327824
Mo-Hf-Ge-N,0.220339495
Hf-V-Tl-N,0.220475441
Cr-Zr-Au-N,0.220486747
Mn-Ti-P-N,0.220513491
Lu-Nb-Fe-N,0.220627983
Mn-Zr-Cd-N,0.220648562
Mo-Sc-Al-N,0.220752126
Mn-Hf-Al-C,0.221290971
Cr-Ta-Sb-C,0.221556509
Mn-Mo-Co-N,0.221620496
Cr-W-Ni-N,0.221877441
Nb-Ta-Pb-C,0.222097262
Y-Lu-Si-N,0.222210003
Zr-Mo-Sn-N,0.222350666
Ti-Nb-Si-N,0.222396851
Mo-Sc-Zn-N,0.22240564
Ti-Nb-Fe-C,0.222423973
Ta-Nb-Fe-C,0.222427035
Zr-Mn-As-N,0.222449057
Lu-Cr-Cd-N,0.222473659
Cr-Nb-P-N,0.222663158
Cr-Mo-Co-C,0.222814107
Cr-Mo-Ga-N,0.223103118
Cr-Mn-Cu-C,0.223162655
Cr-Hf-In-N,0.223219635
Nb-Hf-Si-N,0.223318027
Cr-Lu-Co-C,0.223604885
Zr-Cr-Si-N,0.223631593
Hf-Zr-Ni-N,0.223691105
Ti-Mo-In-N,0.223777689
Mn-W-Co-N,0.223894686
Y-Hf-Fe-C,0.224050951
Sc-Cr-Al-N,0.224085001
Lu-Mn-Cu-N,0.224116065
Ta-Mo-S-C,0.224152167
W-Y-S-C,0.224240582
Nb-Mn-As-N,0.224334203
Sc-Mo-S-N,0.224435525
Ti-W-Sb-C,0.224565242
V-Mo-Co-C,0.224644386
Cr-Zr-Pb-C,0.224774943
Cr-Mn-Fe-C,0.224840215
Nb-Mn-Sn-N,0.224956373
Zr-Lu-Si-N,0.225046377
Nb-Hf-Bi-N,0.225115382
Nb-Lu-P-C,0.225443833
W-Mn-As-C,0.225846039
Sc-Zr-Si-N,0.225963254
Cr-Lu-Ge-N,0.225977277
Nb-Cr-Al-N,0.226083492
Nb-W-P-C,0.226105652
Mn-Zr-As-N,0.226281804
Ti-Mo-Zn-N,0.226347094
Y-Cr-Sn-N,0.22656105
Ti-Ta-S-N,0.226676926
Ta-Mo-Ga-N,0.226740471
Zr-Ta-P-N,0.226856518
Mo-Hf-Sn-N,0.226944069
W-Mo-Si-C,0.227148933
Ti-Cr-Tl-C,0.22762241
Cr-W-As-C,0.227697816
Lu-Hf-As-C,0.228036156
Mo-Zr-Co-C,0.228152597
Mo-Ti-Co-C,0.228162025
Mo-Ta-Au-N,0.228182497
Cr-Zr-Al-N,0.228245138
Nb-Mo-Co-N,0.228303767
Ti-Lu-Co-C,0.228322303
Cr-Lu-Bi-C,0.228388821
W-Zr-P-N,0.228430902
Mo-V-Sn-N,0.228537017
Mo-Mn-S-N,0.228777581
Nb-Mo-Tl-C,0.228799047
Lu-Hf-Fe-C,0.228904117
Hf-Mo-Ge-N,0.228963403
Cr-Nb-Tl-C,0.229027838
Y-Nb-As-N,0.229114793
Y-Hf-P-N,0.229214074
Mo-V-Tl-C,0.229312781
Y-Sc-Fe-C,0.229317322
Ta-Lu-Au-N,0.229533923
Sc-Zr-Ni-C,0.22953454
V-Ta-Sn-N,0.229617571
Mn-Lu-Ga-N,0.229768241
Y-Zr-As-N,0.229819406
Sc-Nb-Co-N,0.230053971
Mo-Mn-Sb-N,0.230159315
Ta-Hf-Si-N,0.230226168
Mo-Hf-P-N,0.230256322
Zr-Mn-Cd-N,0.230494725
Sc-Cr-Cd-N,0.230630642
W-Sc-Al-N,0.230714406
Mn-Nb-Tl-C,0.230849979
W-Cr-As-N,0.230980914
V-Lu-Bi-C,0.230995817
Zr-Mn-In-N,0.231041695
Mo-Y-Zn-N,0.231056778
Nb-Mo-Sn-N,0.231147784
Mo-V-Al-N,0.231196855
Cr-Sc-As-N,0.23158966
Cr-Zr-Ni-C,0.231664776
Nb-Y-Cu-N,0.231801083
Cr-Mo-As-N,0.231977625
Mn-V-Cu-N,0.232009999
W-Ti-Au-N,0.232594211
Sc-Lu-Sb-N,0.233013385
Lu-Cr-In-N,0.233193908
W-Ta-Cu-C,0.233201422
Hf-Zr-Ni-C,0.233245506
Nb-Cr-Si-N,0.233261939
Cr-Hf-Cd-N,0.233300325
Mo-Hf-Ni-C,0.233337028
Lu-Sc-Fe-C,0.233345712
Mo-Sc-Cd-N,0.233795341
Ti-Ta-Si-N,0.23380233
Mn-V-Fe-N,0.233855441
Mn-W-Ni-C,0.234115407
Lu-Ti-As-N,0.234221906
Ta-Nb-As-N,0.23429009
Cr-Sc-P-C,0.234574074
Mn-Hf-Sn-N,0.234723378
Cr-Nb-S-N,0.234795359
Mn-Sc-Ge-N,0.234875591
Lu-Mn-Fe-N,0.234897876
V-Lu-S-N,0.234978922
Sc-Zr-Ni-N,0.235172918
Mo-Mn-P-N,0.235204065
Ta-W-Cu-C,0.235206992
Lu-Cr-Al-N,0.235425293
Zr-Sc-Co-N,0.235798533
Nb-Lu-As-C,0.236034573
Cr-V-Co-N,0.236088984
Zr-Cr-Sn-N,0.236164012
Lu-Cr-Pb-C,0.236219728
Mn-Sc-Zn-N,0.23630032
W-Zr-Ga-N,0.236311769
W-Mn-As-N,0.236347624
Nb-Y-P-N,0.236364074
Lu-Ta-Sb-C,0.236631552
Nb-Lu-Bi-N,0.236757575
Ta-Mn-Cd-N,0.236892568
Cr-Nb-Al-N,0.236914228
Ta-Mn-Ge-N,0.237225496
Mo-W-Ni-N,0.237279195
Lu-Zr-Fe-N,0.237368166
Sc-Hf-Co-C,0.237592502
Ta-Mn-P-C,0.237703667
Sc-Ta-P-N,0.237999382
Y-Mn-As-N,0.238853111
Zr-Mn-Bi-C,0.239051178
Mo-Lu-Sn-N,0.239153492
Hf-Nb-Pb-N,0.23918986
Hf-Lu-As-C,0.239244269
Y-Sc-Bi-N,0.239309533
V-Cr-Cu-N,0.239451942
Mo-Lu-P-C,0.239641916
Mo-Lu-As-C,0.239786246
Cr-W-P-C,0.239856673
Nb-Ta-Cd-N,0.239920928
Mo-Ti-Si-N,0.239942087
Cr-Sc-Al-N,0.239973098
Mn-Mo-S-C,0.240255437
Mn-Y-Ga-N,0.240305547
W-Hf-Ga-N,0.24032694
Ta-W-In-C,0.240503042
Sc-Zr-Co-N,0.24057783
Hf-Cr-Si-N,0.240584333
Ta-Lu-P-N,0.240762303
Cr-V-Cu-N,0.240769459
Nb-Y-Ni-N,0.240787365
Ta-Mn-In-N,0.240798551
W-Mn-Sn-N,0.240874367
V-Lu-Cu-N,0.240917076
Y-Lu-Co-N,0.24093528
W-Hf-Al-N,0.240968938
Cr-Nb-Si-N,0.240976882
Cr-Ta-Ge-N,0.240985414
W-V-Zn-N,0.241055656
Nb-Ta-Cu-N,0.241199224
Mo-Ti-Sb-N,0.241282883
V-Y-Au-N,0.241302445
Nb-Sc-Ni-C,0.241419821
Hf-Sc-Ni-C,0.241480742
Mn-W-Cd-C,0.241492963
Mo-V-Si-N,0.24150644
V-Mo-In-N,0.241538856
Hf-Y-Fe-C,0.241636648
V-Ti-Ni-C,0.241704197
Cr-Nb-Ni-N,0.241943969
Ti-Mn-Sn-N,0.242153546
Ti-Mo-As-N,0.242174811
W-Lu-Ga-N,0.242214707
Ti-Y-Bi-C,0.242238302
Mo-Nb-Co-C,0.242280037
Hf-Mn-In-N,0.242464587
Y-Mn-Fe-N,0.242605632
Ta-Lu-As-C,0.242872201
Mo-Y-In-N,0.242910253
Cr-W-Sn-C,0.242968144
Nb-W-Fe-N,0.242978527
W-Mo-Sb-C,0.243169577
V-W-Cu-C,0.243240329
W-Zr-Ge-N,0.243277398
Y-Hf-Sb-C,0.24355782
Ta-Cr-Sb-C,0.243613408
Hf-Mn-As-N,0.244159988
Cr-Hf-Cu-N,0.244239851
Y-Nb-S-C,0.244462822
Zr-Cr-Tl-C,0.244614474
Ti-Lu-Zn-C,0.244635809
Sc-Lu-P-N,0.244662569
Ti-Nb-Bi-N,0.244672057
Lu-Cr-As-C,0.244772623
Ta-Mo-Zn-N,0.244867142
Mn-Ti-Sb-N,0.244872171
Ta-Y-Bi-C,0.244941263
Zr-Hf-Fe-C,0.245005575
W-Hf-P-N,0.245279219
Cr-Mn-Tl-C,0.245334768
Mo-W-Co-C,0.245511731
Mn-Hf-Pb-C,0.245607976
Y-Ti-Sb-C,0.24590288
Sc-Y-Co-C,0.246072266
W-Lu-As-N,0.246081464
Mn-V-P-N,0.246283755
Zr-Cr-Bi-C,0.24632944
Lu-Nb-Bi-N,0.246708452
Mo-Nb-As-N,0.246725868
Cr-V-Tl-C,0.246848221
Lu-Hf-Bi-N,0.246960917
W-Nb-Tl-C,0.246991067
Mn-W-In-C,0.247024232
Mo-W-Sn-C,0.24726791
Ta-W-Cd-C,0.247443186
Ta-Nb-P-N,0.247502958
Mn-Hf-Tl-C,0.247532371
Mo-Y-Bi-C,0.247903437
Zr-Y-P-N,0.248433089
Ta-Mo-Au-N,0.248503009
Mn-Y-Sn-N,0.248645759
Lu-Mn-S-N,0.24871855
Cr-Lu-Ga-N,0.249252068
Mn-Y-Ge-N,0.249280832
Ta-Mo-Co-N,0.249284584
Hf-Mn-Cd-N,0.249471766
Mn-Ti-Cu-N,0.249743009
Ta-V-S-N,0.249772506
Mn-Lu-Sn-N,0.249963227
Y-Ti-Bi-C,0.25000678
W-Sc-Si-N,0.250010999
Nb-Y-Sb-N,0.250061574
Nb-Y-Bi-N,0.25022397
Hf-Zr-Co-C,0.250249229
Mo-Y-Tl-N,0.250277708
V-Cr-Al-N,0.250343219
Lu-Ta-P-N,0.250387352
Mn-W-Zn-N,0.250544961
Y-Ta-Tl-N,0.250545771
W-Cr-S-C,0.250817206
Mo-Sc-Si-N,0.250944622
Lu-Mn-Cd-N,0.251215775
W-V-Au-N,0.251276456
V-Mo-Tl-C,0.251332507
Ti-Y-Co-C,0.251793821
Ta-Nb-Fe-N,0.251855359
W-Ta-Ga-N,0.252423525
Hf-Y-Sb-C,0.252664911
Cr-Ta-Al-N,0.25285156
Hf-Mo-Sn-N,0.252854073
Mo-Y-S-N,0.252894806
Cr-V-Fe-N,0.253023271
Ta-Cr-S-N,0.253078666
Mn-Sc-Au-N,0.253144761
W-Zr-Al-N,0.253353303
W-Ti-Sn-N,0.25354546
Zr-Lu-Cu-C,0.253708057
Y-Nb-P-C,0.254005999
Cr-Sc-Cd-N,0.254120643
V-Hf-Co-C,0.254456659
Lu-W-Ga-N,0.254538651
Y-Cr-Si-N,0.254541304
W-Nb-Au-N,0.254604504
Ta-V-Sb-N,0.254665856
Cr-V-Fe-C,0.254703452
Mn-Mo-P-C,0.254727565
V-Ta-Pb-C,0.25493497
V-Ti-Co-N,0.254943249
Cr-W-Co-C,0.255046422
Zr-Cr-P-N,0.255259538
W-Sc-In-N,0.255314855
Ta-Hf-Pb-N,0.25548979
Sc-Nb-Si-N,0.255551531
Sc-Ta-S-N,0.255665657
W-V-Si-N,0.255762043
W-Hf-As-N,0.255779091
W-Ti-Si-N,0.255903413
Sc-Cr-P-N,0.255968166
Ti-V-Bi-N,0.255993391
Nb-Cr-S-N,0.256227583
Ta-Sc-Ni-C,0.256343872
Ti-Mn-Tl-C,0.256554923
Hf-Mn-S-C,0.256558478
Mn-Y-Au-N,0.256841218
Ta-Sc-Bi-N,0.256929557
Hf-Lu-Bi-N,0.257011556
Mn-V-Co-C,0.257135245
Lu-Cr-Sn-N,0.257135514
Lu-Y-P-N,0.257274832
Lu-V-Sb-C,0.257320553
Sc-Mo-Sb-N,0.257594738
Hf-Mo-Pb-C,0.257790835
Hf-Mn-Sb-C,0.257862502
W-Nb-Ge-N,0.258226412
Mo-Zr-Sb-N,0.258307848
Mn-Hf-Ge-N,0.25831191
Mo-Nb-Al-N,0.258351612
Cr-Nb-Pb-C,0.258573836
V-Zr-Fe-C,0.258575188
Ti-Mn-P-N,0.258600293
Lu-Ta-As-N,0.258606123
Ta-Cr-Si-N,0.258674573
Ta-V-Bi-C,0.258745828
Mn-Y-Fe-C,0.258920184
Y-Lu-Bi-N,0.259002103
W-Mo-Cu-C,0.259182057
Sc-Mn-As-N,0.259190401
Sc-Mo-Cd-N,0.259749788
W-V-Al-N,0.259874957
Mo-Lu-Zn-N,0.260281307
Y-Mo-As-C,0.260321309
V-Zr-Co-N,0.260463277
Y-Lu-P-N,0.260672224
W-Lu-P-C,0.260948382
W-Hf-Co-C,0.261100273
Mn-Nb-Cu-N,0.261250795
Ta-Nb-Cu-N,0.26128397
Lu-Mo-S-N,0.261315318
Sc-W-Ga-N,0.26134407
Hf-Mo-Fe-N,0.261479554
Y-Ta-P-C,0.261607842
Mn-Sc-Al-N,0.26174787
Mo-Ti-Fe-N,0.262072029
W-Mo-Cu-N,0.262281554
Mn-Hf-P-N,0.262368125
W-Mn-Sb-C,0.262532419
Zr-Mo-Co-N,0.262553513
Y-Nb-Bi-C,0.26269409
Ti-Mo-Bi-C,0.262880951
Y-Lu-Fe-C,0.262896913
W-Ti-In-N,0.263005485
Cr-Hf-Bi-C,0.263013218
Hf-Cr-Sn-N,0.263377559
Mo-Y-Sb-N,0.263447588
Cr-Lu-S-C,0.263460288
Ti-Ta-Ni-N,0.263755296
Cr-Nb-Co-N,0.264084915
Hf-Zr-Fe-N,0.264119545
Mo-Ti-Tl-N,0.264261217
Sc-Y-Fe-N,0.264372692
Nb-W-Ga-N,0.264499283
Cr-Mo-Sb-N,0.264525536
V-Mo-Ni-N,0.264545137
Mn-Mo-Fe-C,0.264812716
Lu-Mn-In-N,0.264821316
Nb-Mo-Ni-N,0.264873951
Y-Hf-P-C,0.264916219
Mo-Y-Cd-N,0.265149651
Mn-W-Cu-C,0.265158939
Mn-Zr-Cu-N,0.265228774
Mo-Nb-Cd-N,0.265276157
Mo-W-Ga-N,0.265394945
Ti-Ta-Sb-N,0.265475772
Hf-Mo-As-N,0.265509908
Ta-Cr-Al-N,0.265862198
Mn-W-As-C,0.265926495
Nb-Mo-Pb-C,0.266041757
W-Zr-Zn-N,0.266133711
W-Ti-Fe-C,0.266263986
Mn-Mo-Tl-C,0.266552222
Ta-Mo-Tl-C,0.266751879
W-Ti-Cd-N,0.266793674
Mo-Sc-Au-N,0.266902072
Sc-Mn-Sn-N,0.266997094
Zr-Y-Sb-N,0.267035218
Y-Ti-Sb-N,0.267058382
Mo-Y-Al-N,0.267133584
Mo-V-Pb-C,0.267267101
Lu-Cr-Si-N,0.26762985
Nb-Y-As-N,0.267715148
Mo-Zr-Cu-N,0.26787623
Ta-Y-Sb-C,0.268034838
Mo-Mn-P-C,0.268051196
Y-W-Zn-N,0.268066472
Mo-Zr-Tl-N,0.268105489
Ta-Cr-Cd-N,0.268288038
Ta-Cr-In-N,0.268320239
Cr-Hf-Pb-C,0.268350766
Sc-Hf-Fe-N,0.26846689
Ti-Lu-Sb-N,0.268468168
Cr-Sc-P-N,0.268806265
Mo-Ta-Al-N,0.26886267
Mn-Cr-Tl-C,0.269211201
W-Cr-P-N,0.269361331
Hf-Lu-Fe-C,0.26941958
Ta-Mn-As-N,0.269490669
Mn-Hf-Al-N,0.269623324
V-Sc-Ni-N,0.270020062
Cr-Sc-Tl-N,0.270105392
Lu-Mn-As-N,0.27010903
Hf-Mo-Co-N,0.2701494
Hf-V-Pb-N,0.270262507
Mn-V-Sb-N,0.270706094
Y-Cr-Bi-N,0.270757526
Hf-Mn-P-C,0.270866648
Hf-Sc-Co-N,0.271114335
W-Mn-S-N,0.271124353
Ti-Ta-Co-N,0.271133449
Zr-W-Ga-N,0.27126774
Mo-Cr-P-N,0.271289532
Y-Cr-Sb-C,0.271342785
Mn-Lu-Ge-N,0.271371677
V-Cr-Sb-N,0.271818777
W-Mo-Co-C,0.272530402
V-Mo-As-N,0.27317519
Hf-W-Sb-C,0.273454581
Ti-Lu-Cu-N,0.273788192
Zr-Mn-Al-N,0.273853265
Mn-Lu-Au-N,0.273922472
Ti-Mo-Cd-N,0.273977241
Cr-Zr-Fe-C,0.274129592
Lu-Ti-P-C,0.274420674
Lu-V-As-C,0.274732079
Mo-W-Si-C,0.274740306
Mn-Y-Zn-N,0.275076245
Nb-Ta-Bi-C,0.275172125
W-Cr-In-N,0.27520665
Sc-Lu-As-N,0.275244586
Sc-Zr-Fe-N,0.275362615
Nb-V-Tl-N,0.275517923
Nb-Mn-Sb-N,0.275522575
Mn-Nb-Bi-C,0.275522818
W-Mo-P-C,0.275618458
W-Nb-Zn-N,0.275636592
Nb-Mn-P-N,0.275745566
W-Hf-Au-N,0.275981755
Lu-Ta-Tl-N,0.276002554
Ta-Nb-Sb-N,0.276017088
Cr-Sc-Sb-N,0.276115548
V-W-Co-N,0.276154487
W-Ti-Co-N,0.276318509
Mo-Mn-Tl-N,0.276339052
Zr-Y-Ni-N,0.2763469
W-Zr-Au-N,0.276571331
Hf-Mo-Cu-N,0.276778081
Mn-Zr-P-N,0.277376758
Nb-Ta-As-N,0.277434323
Ti-W-S-C,0.277822164
W-Mo-Au-N,0.277987358
Sc-Lu-Fe-C,0.278234162
Mn-Zr-Tl-N,0.278325808
Ta-Mo-Ge-N,0.278401719
W-Hf-Bi-C,0.278606656
Zr-Y-As-C,0.278621269
Y-V-Pb-N,0.278639386
Sc-Hf-Fe-C,0.278898254
Mn-Cr-Si-N,0.2789753
Mn-Zr-Sb-N,0.27907831
Mn-Ti-Ni-N,0.279354145
Ta-Cr-Sn-N,0.279431808
Lu-W-P-C,0.279562609
Sc-Mo-Cu-N,0.279920957
Nb-Zr-Ni-N,0.280069148
V-W-Ga-N,0.280150755
W-Mo-In-N,0.280160053
Cr-Ta-P-N,0.280200755
V-W-Ni-N,0.280434542
Nb-Mo-As-N,0.280582198
V-Ti-Fe-C,0.28076924
Lu-Y-Sb-N,0.280805342
Cr-V-Pb-C,0.280879847
W-Ta-Sb-C,0.281034289
Nb-Cr-Tl-C,0.281081793
Mn-Y-Bi-N,0.281230722
Mo-Y-P-N,0.281285984
W-Y-Al-N,0.281391914
Sc-Lu-Cu-N,0.28140065
V-Mn-Tl-C,0.281533609
Mn-Ti-Tl-N,0.281902831
Cr-Hf-S-N,0.282143257
Mn-Lu-Sb-C,0.282171729
Zr-Y-Fe-N,0.282748269
Cr-Ta-Co-N,0.283166278
W-Mo-Sn-N,0.283297779
Mn-Nb-Al-N,0.283485701
Mo-Cr-Tl-C,0.283773374
Zr-Ta-Tl-N,0.283946845
W-V-Tl-C,0.28400163
V-Y-S-N,0.2840575
Sc-Zr-Fe-C,0.284166594
Nb-Mo-Cu-N,0.284271009
V-W-Fe-C,0.284543755
Y-V-Sb-N,0.284644317
Nb-W-Ni-N,0.284846531
Cr-Nb-Sb-N,0.284932692
Sc-Ta-Si-N,0.285005964
W-Mo-Cd-N,0.285619562
Mn-Lu-Zn-N,0.285663335
Zr-W-Fe-N,0.285772187
Y-Ti-Bi-N,0.285899621
Sc-V-Bi-N,0.286072103
Nb-Hf-Co-N,0.286418549
V-W-Zn-N,0.286737072
Sc-Y-Sb-N,0.286787132
Ti-Lu-P-C,0.286811163
Mn-Zr-Al-N,0.286878244
Y-Mo-Co-N,0.287060913
Mn-Zr-Pb-N,0.287096247
Ta-W-Co-N,0.287131657
Zr-Ta-Sb-N,0.287174638
V-Lu-Sb-N,0.287264289
Cr-Lu-As-N,0.287278609
Sc-Mn-P-C,0.28748853
W-Y-As-N,0.287497918
Sc-Mo-P-N,0.287526052
Mo-Lu-Au-N,0.287540868
Mo-Y-Pb-N,0.287824685
Ti-Cr-Sb-N,0.287900159
Cr-Mn-Pb-C,0.287906678
Mo-W-Cu-N,0.287992406
Mo-Lu-Al-N,0.288045816
Nb-Lu-Cu-C,0.288063759
V-Mo-Cd-N,0.288453255
Sc-W-As-N,0.288611912
Mn-W-Au-N,0.288740828
Mo-Nb-P-N,0.288761865
Mo-Nb-Sb-N,0.288998954
Zr-Mn-P-N,0.289059434
Mn-Sc-Bi-N,0.28957403
Y-Mn-Sb-N,0.289665067
Ti-Sc-As-N,0.289736171
Mn-W-Ga-N,0.289784813
Nb-Ta-P-N,0.289841681
Lu-Cr-P-N,0.290242221
Zr-W-Tl-C,0.290341385
Ta-Nb-Ni-N,0.290354412
Hf-Cr-Tl-C,0.290434699
Cr-Ta-Si-N,0.290647282
Y-V-As-N,0.290748878
Cr-Ta-Cu-N,0.291091317
Mo-Lu-Si-N,0.291131711
W-Sc-Cd-N,0.29121952
Cr-Y-Tl-N,0.291278926
V-Lu-P-N,0.291307591
Y-Hf-As-C,0.291423159
Cr-Hf-Co-C,0.291608953
Zr-Y-Co-C,0.291627878
Mn-W-Ge-N,0.291635891
Ti-Mo-Sb-N,0.291766868
W-Nb-Pb-C,0.291793344
Lu-Y-As-N,0.29247186
V-Ta-Fe-C,0.292655698
Mn-V-Pb-C,0.292777894
Ta-Y-P-C,0.293087583
Cr-W-Au-N,0.293568471
Cr-Mo-Cu-N,0.29369127
Mo-Zr-Pb-N,0.293816048
Mo-Ta-Co-C,0.293957801
Mn-W-Fe-C,0.294233696
Ti-W-Ga-N,0.29462953
Cr-Lu-In-N,0.294692577
Cr-Ta-Sn-N,0.294791523
Ti-Nb-Co-N,0.294827154
Hf-W-Au-N,0.294870306
Sc-Ta-Pb-N,0.294877194
Y-Sc-P-N,0.295111013
Ti-Nb-Fe-N,0.295141692
Hf-Mn-Al-N,0.295410988
Zr-Sc-Fe-C,0.295504988
Ta-Mo-Sn-N,0.295537445
Zr-Mn-Si-N,0.295556152
Mo-Cr-Si-N,0.295630077
Ti-Zr-Ni-C,0.29575396
Lu-Ta-Sb-N,0.296328552
Lu-Mo-Co-N,0.297014468
Sc-Cr-Sb-N,0.297467932
Sc-Y-P-N,0.297720318
Zr-Y-As-N,0.297801458
Ti-Mo-S-N,0.297869004
Mo-Nb-Ni-N,0.298096559
Y-W-Pb-C,0.298217551
Nb-Mo-Sb-N,0.298243779
V-Lu-Ni-N,0.29828015
Nb-Y-P-C,0.298402898
Nb-Hf-Ni-N,0.298556712
Mo-Mn-Bi-C,0.298563272
Cr-Y-In-N,0.298685819
W-Cr-Cd-N,0.298786602
W-Lu-Al-N,0.29883147
Cr-Sc-Pb-N,0.298905334
Y-Mo-Tl-N,0.298986374
Mo-Cr-S-N,0.299007214
Zr-Mo-S-N,0.299027131
Zr-Cr-Pb-C,0.299079805
Lu-Ta-Bi-C,0.299485513
W-Y-Bi-C,0.299492406
W-Mo-Ni-N,0.299583303
Hf-Mo-Bi-C,0.29962867
Y-Ti-As-N,0.299648862
Cr-Mo-P-N,0.299805006
Y-Hf-Bi-N,0.299954551
Mn-Ta-As-N,0.300009378
Ti-Zr-Fe-C,0.300058612
Ti-Mn-Pb-C,0.300303072
Cr-Ta-Tl-C,0.301384971
Ti-Sc-Ni-N,0.301694336
Y-W-Ge-N,0.301749164
Hf-Ta-Sb-N,0.301814
Hf-V-Bi-N,0.301845919
Zr-Mn-Sb-N,0.301924731
Cr-Y-S-N,0.301936554
Cr-Hf-Ni-N,0.302204592
W-Zr-Si-N,0.302328506
Y-Ti-As-C,0.30245799
Sc-Mo-Fe-N,0.302592075
Mo-Hf-Si-N,0.302707688
Sc-Mo-Ni-N,0.302729598
Zr-V-Bi-N,0.302907457
W-V-P-N,0.303004975
Mo-Ta-Fe-C,0.303077513
Cr-Lu-Tl-N,0.303148889
Mo-Ti-Ni-N,0.303601041
Zr-Ta-S-N,0.303762873
Ta-W-Zn-N,0.303911635
Cr-Mn-Si-N,0.304069268
Zr-Lu-Ni-C,0.304475512
Y-Mo-Al-N,0.304524787
Ta-Hf-Bi-N,0.304598858
Mo-Ti-Pb-N,0.304640416
Y-Cr-As-C,0.304808788
Cr-Mo-S-N,0.304990728
W-Nb-P-N,0.305039904
Hf-Sc-Fe-C,0.305073672
Zr-Mo-P-N,0.305319363
Nb-Sc-Fe-C,0.305343822
Zr-W-Ni-N,0.305667953
Y-Mo-P-C,0.305835798
V-Mo-Sb-N,0.306375353
Hf-W-Ga-N,0.306387683
Cr-Sc-Cu-N,0.306760268
Ti-Mo-P-N,0.306785276
Cr-Y-Sb-N,0.306861501
W-Mn-Sb-N,0.306871525
Mo-Ta-Fe-N,0.30713218
Mo-Hf-S-N,0.307321133
V-W-Sb-C,0.307327673
Hf-W-Co-N,0.307461716
W-Ta-Zn-N,0.307722624
W-Y-Au-N,0.307940916
Ta-Nb-Tl-N,0.308009053
W-Zr-Sn-N,0.308346647
V-Nb-Fe-C,0.308925155
Mo-Nb-S-N,0.309090396
Mo-W-P-C,0.309101724
Sc-W-Bi-C,0.309211129
W-Nb-Al-N,0.309364987
W-Ta-Au-N,0.30963706
Mo-Ti-Cu-N,0.309806669
Mo-Lu-Pb-N,0.309991543
Cr-Mo-Pb-C,0.310320441
Hf-Lu-Cu-C,0.310395264
Cr-Y-Pb-N,0.310451624
Ta-Sc-Fe-C,0.310460867
Y-Ta-P-N,0.310792264
Ta-W-Ga-N,0.310826994
Zr-Cr-Sb-N,0.310982176
Ti-Cr-Bi-C,0.311471633
Hf-Y-P-C,0.311639627
Lu-Y-Fe-N,0.311820235
Ti-Mn-Si-N,0.312102035
Ta-Cr-Tl-C,0.31213266
Cr-Y-Bi-C,0.312291205
Nb-Mn-Al-N,0.312843195
Mn-Ta-Al-N,0.313500353
Lu-W-Ni-N,0.313573662
Mn-Ta-Fe-N,0.313575259
Hf-Mn-Bi-C,0.313650014
V-Cr-Pb-C,0.313970989
Mn-Cr-Pb-C,0.31406056
Mn-Lu-Bi-N,0.314315205
Mo-Cr-Pb-C,0.314543455
Nb-Y-Fe-N,0.31485909
Hf-Y-As-C,0.314882195
V-Lu-As-N,0.314952536
Mn-Ta-In-N,0.315069351
W-V-In-N,0.315136618
Hf-Y-Bi-N,0.315264085
V-Mn-Pb-C,0.315337466
Ta-Lu-Bi-N,0.315389437
Hf-Mn-Sb-N,0.315468607
Ti-Mn-Al-N,0.315484396
W-Y-In-N,0.315761657
Mo-Mn-Pb-N,0.315924984
Ti-Y-Fe-N,0.31604653
Hf-W-Ni-N,0.316088003
W-Hf-In-N,0.316594517
Ta-Y-As-C,0.317061709
Lu-Cr-S-N,0.317104773
W-Hf-Cu-N,0.317510115
Hf-Mo-Sb-N,0.31751361
Y-Ti-P-N,0.317690783
Mn-Ta-S-N,0.317867199
Mn-Ta-Cd-N,0.317893814
V-Mo-Ga-N,0.317966005
Ta-Mo-Pb-C,0.31796929
Ta-Lu-Cu-C,0.318085953
Cr-W-As-N,0.318115337
Mn-V-Bi-C,0.318129879
Cr-Hf-Sb-N,0.318576348
Cr-Mo-Tl-N,0.318647059
Nb-Zr-Co-C,0.318693857
Cr-Y-Cd-N,0.318838987
Y-Ta-S-C,0.318881732
V-Mo-Bi-C,0.319142079
Lu-V-P-C,0.319209401
Lu-W-As-N,0.319212384
Zr-Mo-Al-N,0.31937604
W-V-Sn-N,0.319506736
Ti-Hf-Co-C,0.319867502
Ta-V-Tl-N,0.32001853
Sc-Mn-Sb-N,0.320141365
Sc-Lu-Ni-N,0.320430825
Cr-V-Bi-C,0.320463508
Cr-Hf-Co-N,0.320532818
Mn-Sc-Cu-N,0.3209873
Ta-Y-Co-N,0.32110898
Mn-Sc-Si-N,0.321231416
Lu-Ta-Pb-N,0.321747019
Ta-Mn-Sb-N,0.322063082
Nb-Cr-Pb-C,0.322122726
Ti-Lu-As-N,0.32292202
Mn-Mo-Pb-C,0.322972573
V-Mn-Si-N,0.322995149
Mn-V-Tl-N,0.323344882
Lu-Mo-P-N,0.323518522
W-Nb-Sn-N,0.32353458
Hf-W-Zn-N,0.323664695
W-W-Ga-N,0.32367741
W-Ta-Al-N,0.32374495
Mo-Ta-Ni-N,0.323770832
W-Y-Sn-N,0.324518431
Y-Ta-Pb-N,0.324592931
Mo-Nb-Fe-N,0.324962251
Ti-Zr-Co-N,0.32528297
Nb-Mn-Bi-C,0.325959866
Y-V-Bi-C,0.326129472
W-Y-Cd-N,0.32616166
Ti-Sc-Co-C,0.326216107
Cr-Hf-Tl-N,0.326243051
Sc-Y-As-N,0.326418811
Lu-Mn-Sb-N,0.326432669
Y-Mn-Al-N,0.326801222
Cr-Lu-Cd-N,0.32686762
Hf-Ta-Tl-N,0.326876554
Cr-Ti-Co-N,0.32708507
Sc-Mn-Si-N,0.327145071
Mn-Zr-Ni-N,0.327494648
Ta-Y-Fe-N,0.327649069
Nb-Mo-P-N,0.327697952
Ti-Lu-Au-C,0.32820196
W-Mo-As-N,0.328402607
Sc-Mn-S-C,0.328490092
Sc-W-Ni-N,0.328626967
W-Sc-Tl-N,0.328676877
Ti-Hf-Fe-N,0.328927453
Mn-Nb-Tl-N,0.329060383
Zr-W-S-C,0.329160679
Sc-W-Fe-N,0.329527416
V-Mn-Tl-N,0.329712353
Cr-Lu-Pb-N,0.329904467
Mo-Nb-Fe-C,0.330025858
W-Lu-In-N,0.330191001
V-W-S-C,0.330235612
Cr-Y-Al-N,0.330388185
Cr-Ti-Bi-N,0.330440927
Ti-Mo-Cu-N,0.330496358
Cr-Y-Cu-N,0.330711493
W-Ta-Co-C,0.330755035
W-V-Pb-C,0.330939753
Mo-Sc-Bi-N,0.331335686
Zr-Ta-Pb-N,0.331733442
Nb-Mn-Tl-N,0.332279098
Cr-Lu-Sb-N,0.332294802
V-Ta-Co-N,0.332391782
Cr-Y-P-N,0.332408591
Cr-Lu-Al-N,0.332600336
Mn-Sc-P-N,0.332666914
Lu-Y-Ni-N,0.33276011
Lu-V-Bi-N,0.332982823
Mn-Ta-Ni-N,0.333062353
Mo-Ta-In-N,0.333258992
Ti-Mo-Fe-N,0.333685589
V-Cr-Tl-N,0.333959055
W-Mn-Tl-C,0.334145105
W-Hf-Cd-N,0.334157263
Sc-Mn-P-N,0.334581375
Cr-W-P-N,0.334694912
Mn-Nb-Fe-N,0.334715072
Y-W-Co-N,0.334906933
Y-Ta-As-N,0.334911824
Y-Mo-Si-N,0.33525551
W-Y-Tl-N,0.335269335
Mn-Lu-Cu-C,0.335493619
Mn-Cr-Bi-C,0.335633218
W-V-Cd-N,0.336074653
Lu-V-S-C,0.336150758
Ta-Hf-Co-N,0.336349521
W-Y-P-C,0.336669987
Mo-Ta-As-N,0.336716666
W-Cr-S-N,0.336743201
Nb-Ta-S-N,0.336790807
V-Mn-Al-N,0.336900587
W-Lu-Au-N,0.337933907
W-Ta-Ni-C,0.338016514
V-Nb-Bi-N,0.338037429
W-Sc-Sb-N,0.338181763
Mn-Nb-Ni-N,0.338193458
Mn-Mo-Bi-N,0.338596926
W-Lu-Sn-N,0.338693374
W-Ta-Co-N,0.338827062
W-Y-Cu-N,0.338848207
Sc-Mo-Tl-N,0.338893316
Y-V-P-N,0.339090329
Cr-Zr-Co-N,0.339326793
Sc-Mn-Al-N,0.339419715
Ti-Y-Sb-N,0.339865183
Y-Mo-Bi-N,0.340616775
Mn-Hf-Si-N,0.340640992
Cr-W-Sb-C,0.340696082
Y-Mn-P-C,0.341405225
Mn-Sc-As-C,0.341523618
W-Ta-Tl-C,0.342057025
Nb-V-Bi-N,0.342143351
Mn-Ti-Pb-N,0.342222038
V-Mo-Cu-N,0.342366686
Sc-Lu-Fe-N,0.342536561
Nb-W-S-C,0.34258562
V-Y-Bi-N,0.342690329
Mn-Ti-Fe-N,0.34281879
Ta-Y-Bi-N,0.343126289
Ti-Zr-Co-C,0.343786678
Y-Mn-Tl-N,0.344043835
Zr-Mn-Tl-N,0.344184413
Mn-Ti-Co-C,0.344588894
Mo-W-Cd-N,0.344665508
Cr-Mo-Bi-C,0.344718913
W-Ta-Fe-C,0.34551585
V-Mo-Fe-N,0.345652223
W-Lu-Cd-N,0.345708417
Cr-Ta-S-N,0.345829076
Mn-Zr-Si-N,0.346036157
Ti-Cr-Tl-N,0.346073502
Y-Cr-P-C,0.34623578
Mn-Lu-Al-N,0.346829027
Mo-Ta-Sn-N,0.346968043
Lu-W-Bi-C,0.347227442
Mn-Y-Al-N,0.347229465
Lu-Mo-Al-N,0.347277054
Nb-Lu-Ni-C,0.347981448
Lu-W-Fe-N,0.348159312
Hf-W-Tl-C,0.348415272
Cr-Ta-Pb-C,0.348980878
Sc-W-S-C,0.349091809
Lu-W-Cu-N,0.349231075
W-Hf-Sn-N,0.349259377
Cr-Lu-Cu-N,0.349287141
Nb-Ta-Sb-N,0.349321763
Hf-Cr-Pb-C,0.350129341
Zr-W-Cu-N,0.350690193
Nb-Hf-Fe-C,0.351004117
Cr-Zr-Bi-N,0.351035169
V-Y-Sb-C,0.351168393
Ti-W-As-N,0.351236645
Lu-Mn-Al-N,0.351354446
Nb-W-Cu-N,0.351497713
Mn-W-Sb-C,0.351896827
Y-W-Sb-C,0.351924201
Mn-Nb-Pb-N,0.351926404
Ti-W-Fe-N,0.351978526
V-W-Ge-N,0.352125644
W-Mo-Sb-N,0.35240942
Mo-Y-Cu-N,0.352535255
Zr-W-As-N,0.352995355
Cr-Hf-Pb-N,0.353166765
Sc-Cr-Tl-N,0.353888643
Hf-Mo-Al-N,0.354205313
Y-W-As-C,0.354643991
Ta-W-Sb-C,0.355271078
Ti-Mo-Ni-N,0.355329996
Ta-Mo-P-N,0.356316465
Nb-Mo-S-N,0.356343788
Cr-Ti-Fe-C,0.356347084
Ta-Nb-Pb-N,0.356474491
Hf-Mn-Tl-N,0.356620837
Hf-Lu-Ni-C,0.356954625
Mn-Cr-Bi-N,0.357008604
Mn-W-Sn-N,0.357413459
Mo-Ta-P-N,0.358012867
W-Zr-S-N,0.358157468
Nb-Zr-Fe-C,0.358488491
Mn-Y-Sb-C,0.358633613
Mo-Ta-Bi-C,0.358811582
W-Mn-Pb-C,0.35966843
Mn-Ta-Co-C,0.359882841
V-Cr-Bi-C,0.360345841
Cr-Sc-Ni-N,0.360366727
Mo-Nb-Tl-N,0.360509586
Ta-Mn-Al-N,0.361098033
Ti-W-P-N,0.361195762
Zr-Mo-Si-N,0.361268588
Cr-W-In-N,0.361351156
W-Lu-Tl-N,0.36156115
Lu-Ta-S-N,0.361847921
Mo-Ta-Cd-N,0.362028741
Sc-Mo-Al-N,0.362265429
W-Y-Sb-N,0.362481751
W-Ti-Tl-N,0.362572583
Sc-W-Cu-N,0.362712645
Ta-Cr-Pb-C,0.362738644
Nb-Mn-Pb-N,0.362993258
W-Cr-Si-N,0.36308707
W-Mo-P-N,0.363151509
Lu-Mn-S-C,0.364022927
Zr-Lu-Co-N,0.364031801
Cr-W-S-C,0.364472465
Cr-Mo-Pb-N,0.364508249
W-Mn-P-N,0.364617765
Ta-Hf-Fe-C,0.364668378
Mn-W-P-N,0.36515464
Y-Ta-Sb-N,0.365442246
Hf-W-Ge-N,0.36563997
V-Y-P-N,0.366582872
Mn-V-Pb-N,0.366735494
Ti-Y-P-C,0.367116425
V-Sc-Co-C,0.367313384
Nb-W-Tl-C,0.367320843
Cr-Mn-Bi-N,0.367389489
Y-Ta-Bi-C,0.367629855
V-W-P-N,0.367790594
V-Nb-Co-N,0.368043184
Nb-Ta-Tl-N,0.368212207
Y-W-P-C,0.36828724
W-Lu-Cu-N,0.368430818
Ta-V-Pb-N,0.368577517
Mn-Y-S-C,0.368646602
Sc-Ta-Bi-N,0.368710532
Zr-Y-Ni-C,0.368785828
Ta-Mn-Bi-C,0.368850107
Nb-Mo-Si-N,0.369174734
Ta-Lu-Ni-C,0.36969179
Zr-Cr-Bi-N,0.370207208
W-V-S-N,0.371291522
Lu-Mo-Si-N,0.371386309
Nb-W-As-N,0.371476224
Hf-W-P-N,0.371714181
V-W-Fe-N,0.371843854
Y-Mn-Pb-N,0.371972414
Y-Mn-S-C,0.372100372
V-Lu-Au-C,0.372776723
Cr-W-Cd-N,0.372804963
Cr-Ta-Fe-C,0.37312237
W-Nb-Fe-C,0.373123334
V-W-Au-N,0.373949174
Mn-Ta-Cu-N,0.374034335
Y-Mo-S-C,0.374127509
W-Zr-Sb-N,0.374228917
W-Y-Ni-N,0.374288577
Mn-Ta-Bi-C,0.375006692
Ti-Mo-Tl-N,0.375366338
Hf-W-As-N,0.37594865
W-Nb-Si-N,0.376238614
Cr-Cr-Al-N,0.37629125
V-W-Cu-N,0.376334213
W-Mn-Bi-C,0.376409257
Sc-Mo-Pb-N,0.376652067
Mo-Hf-Pb-N,0.376657402
Ti-Mn-Pb-N,0.377302444
Ta-Mn-Tl-N,0.377339151
W-Nb-Co-N,0.377419816
Mo-Lu-Bi-N,0.377663835
Mn-Cr-Al-N,0.377836029
V-W-Tl-C,0.378034065
Lu-Cr-Tl-N,0.378594204
Zr-Lu-Fe-C,0.379037244
Cr-Mn-Al-N,0.379358708
Mo-Y-Ni-N,0.380167148
Cr-W-Cu-N,0.380248917
V-Cr-Pb-N,0.380394452
Cr-Y-Ni-N,0.380550152
Ti-Mo-Al-N,0.381131811
Zr-W-Bi-C,0.381329526
Zr-Mn-Pb-N,0.381719297
Mn-Nb-Co-C,0.381737731
Hf-Mo-Si-N,0.382242432
Sc-Y-Ni-N,0.3825745
Ti-Y-As-N,0.38294567
Mn-Y-Co-N,0.383181047
W-Cr-Sb-N,0.38320548
Y-V-P-C,0.383304398
W-Sc-Pb-N,0.383712746
Y-W-Al-N,0.383898336
Ti-Ta-Bi-N,0.384371127
Nb-Mn-Bi-N,0.384477387
Hf-Ta-Pb-N,0.384975199
Y-W-Sn-N,0.384991617
Cr-Nb-Bi-N,0.386807538
Mo-W-As-N,0.386922223
Cr-W-Sn-N,0.387050811
Cr-Ta-Fe-N,0.387910518
Ti-W-Ni-N,0.38818825
Ta-Nb-Bi-N,0.388194943
Sc-W-In-N,0.388382018
Cr-Ta-Bi-C,0.389094084
Mn-Hf-Bi-N,0.389638014
Mn-Zr-Si-C,0.389794969
Mo-Sc-Fe-C,0.39024026
Mn-Lu-P-N,0.390444758
Cr-Nb-Fe-N,0.390929635
Mn-Ta-Sb-N,0.390996949
W-Ta-P-N,0.391813831
Mn-Mn-Al-N,0.392437509
Nb-Mo-Al-N,0.39254971
W-Mo-S-N,0.392837824
W-Y-Pb-N,0.393267379
Lu-W-Cd-N,0.393449394
Lu-Mo-Pb-N,0.39355108
Hf-Mn-Pb-N,0.394789111
Mn-Hf-Ni-C,0.395494163
Lu-Mn-Tl-N,0.395619749
V-Mo-Tl-N,0.396570297
Lu-Mn-P-N,0.397231413
W-Sc-Co-C,0.397389295
Mo-Nb-Pb-N,0.397727444
Ti-Cr-Pb-N,0.398680265
V-Mn-Bi-N,0.398682833
Lu-W-In-N,0.399761886
Mo-Lu-Ni-C,0.399995325
Cr-Nb-Fe-C,0.400089118
Mo-Cr-Al-N,0.400148666
Ti-W-Bi-C,0.400174422
W-Lu-Sb-N,0.400831334
W-Mo-Bi-C,0.400991563
Sc-W-S-N,0.401030251
W-Ta-Ge-N,0.401912149
Ta-Mo-Al-N,0.402057502
Cr-Zr-Cu-C,0.402205431
Mo-Nb-Cu-N,0.402507476
Ti-Mn-Bi-N,0.402549457
Hf-Lu-Co-N,0.404044804
Cr-Lu-Ni-N,0.404972863
Lu-Mn-Pb-N,0.40533195
Mo-Ta-Cu-N,0.405646028
W-Mn-Si-N,0.405876286
Hf-Lu-Fe-N,0.405921839
V-Mo-Al-N,0.406165735
Mo-Ta-S-N,0.406873617
Ta-W-Au-N,0.406985637
Nb-Zr-Fe-N,0.407228906
Zr-W-Al-N,0.408441537
Y-W-Si-N,0.408495069
Nb-Sc-Co-N,0.408636222
Cr-V-Bi-N,0.40879491
Mo-Ta-Sb-N,0.409052915
Mo-W-S-C,0.410837883
Sc-Mn-Bi-N,0.411197956
Ti-Sc-Fe-N,0.411369255
W-Lu-Ni-N,0.411420771
Sc-Cr-Pb-N,0.411680369
V-Y-As-C,0.412587715
Hf-Cr-Bi-N,0.412677592
Mn-W-Tl-C,0.412903246
Mo-Hf-Co-N,0.413059115
Sc-W-Cd-N,0.413138563
Mn-Sc-Fe-N,0.413803429
Lu-W-Al-N,0.414809759
Ta-Mo-Si-N,0.416199531
Zr-W-Cd-N,0.417006163
Ta-Mn-Pb-N,0.417041091
Ta-W-Tl-C,0.417722547
W-Ta-Pb-C,0.417813317
Ti-Mo-Pb-N,0.418262409
Y-Ta-S-N,0.418317452
Hf-W-Pb-C,0.41851008
Zr-W-In-N,0.419161116
Lu-Mo-Bi-N,0.419911101
Mo-W-In-N,0.419988182
Mo-Hf-Bi-N,0.420037742
W-Cr-Tl-N,0.42003874
Cr-Sc-Fe-N,0.420134475
W-Cr-Bi-C,0.420329025
Mo-Cr-Bi-N,0.420350634
Sc-Mo-Bi-N,0.421266436
Nb-Cr-Bi-N,0.421331603
Ti-W-In-N,0.421334018
Cr-Y-Fe-N,0.422210571
Y-V-S-C,0.422598016
W-Lu-Pb-N,0.422890788
Ti-Lu-Ni-N,0.423877413
Ti-W-Cu-N,0.424255847
Sc-W-Al-N,0.424766069
Ti-W-Al-N,0.425360915
Hf-Y-Ni-C,0.426430668
V-Mo-Pb-N,0.426779352
Mn-Mo-Si-N,0.428189049
Ta-W-Ge-N,0.429503704
Mo-Y-Fe-N,0.429526515
Mn-Hf-Co-N,0.430052309
W-Nb-S-N,0.430587746
Nb-Ta-Pb-N,0.430636061
Hf-W-Bi-C,0.430759708
Mo-Nb-Bi-N,0.431481573
W-Mn-Bi-N,0.432649055
Hf-W-Al-N,0.433080901
Cr-Sc-Co-C,0.43441132
W-Hf-Sb-N,0.434497387
Mn-W-S-N,0.435007359
Mn-Lu-Co-N,0.435136923
Ta-W-P-N,0.435364446
Mn-Lu-Ni-C,0.436276838
Ta-Sc-Co-N,0.436475203
Ti-W-Sn-N,0.436768252
Mo-V-Bi-N,0.441568684
W-Mo-Tl-N,0.442399858
Sc-W-Si-N,0.442437355
V-Lu-Co-C,0.442906561
Ti-W-Cd-N,0.443450519
W-Ta-Si-N,0.443819808
W-Hf-Tl-N,0.4442524
V-W-Pb-C,0.444886033
Mn-Y-Si-N,0.445710789
Nb-W-Bi-C,0.445721191
W-Hf-S-N,0.44648574
Ta-Zr-Fe-N,0.449238595
Nb-Mo-Bi-N,0.450450477
Hf-W-Si-N,0.451886883
V-W-Si-N,0.45200979
Zr-Mo-Bi-N,0.452031705
Nb-W-In-N,0.453300794
W-Y-Fe-N,0.45332885
V-W-Sn-N,0.453727069
Lu-W-S-C,0.454812485
Mn-Lu-As-C,0.455614653
W-Y-Bi-N,0.45562587
Lu-Cr-Bi-N,0.462611796
Ti-Y-Ni-N,0.46291954
V-Hf-Fe-N,0.463056607
Cr-Y-As-N,0.463084027
Mn-Ta-Tl-N,0.464518986
W-Ti-Bi-N,0.465574599
W-Ta-Sn-N,0.46625291
Mo-Hf-Fe-C,0.467000587
Mn-Y-Si-C,0.467178667
Cr-Mo-Al-N,0.468891309
Mn-W-Pb-C,0.469128085
V-Y-Ni-C,0.469876767
W-Cr-Al-N,0.469907902
Hf-Mo-Bi-N,0.470331291
Ta-W-Pb-C,0.471205349
W-Lu-Co-C,0.473465785
W-V-Tl-N,0.473477361
Mo-W-Si-N,0.473623945
V-Ta-Bi-N,0.474670104
Sc-W-Sb-N,0.475284726
Nb-W-Cd-N,0.475574353
Mo-W-Sb-N,0.476004929
Hf-W-Sn-N,0.476809644
W-Zr-Bi-N,0.477911606
Mn-Lu-Fe-C,0.479714492
Ta-Mo-Pb-N,0.479786809
W-Cr-Pb-N,0.480201026
Y-W-S-C,0.480519455
Ta-W-Si-N,0.480846127
Mo-W-Bi-C,0.483555914
W-Mo-Pb-N,0.483711821
Cr-W-Sb-N,0.484209542
Mo-Ta-Tl-N,0.486669908
Mo-W-S-N,0.488114732
Mo-Mn-Al-N,0.489774357
W-Hf-Fe-C,0.491181429
Ti-W-S-N,0.491301747
V-W-Al-N,0.493334203
Mn-Lu-Si-N,0.494601782
Cr-W-S-N,0.49523617
Cr-W-Bi-C,0.495469263
V-W-Bi-C,0.495937607
V-W-S-N,0.499723759
V-Y-Fe-C,0.49999261
Lu-W-Sb-N,0.500699273
Ta-Mo-Bi-N,0.501593841
Nb-W-Al-N,0.502460995
W-Lu-Bi-N,0.502584922
Nb-Lu-Co-N,0.502806213
Mn-Zr-Co-C,0.503435736
Ta-Cr-Bi-N,0.503566187
W-Ta-S-N,0.504399341
Y-Cr-S-C,0.504686521
Mo-Mo-Al-N,0.507200015
Ta-W-Sn-N,0.509209048
W-Hf-Pb-N,0.510968868
Mn-Ta-Pb-N,0.511320998
Mn-Y-As-C,0.512161613
Mn-Mo-Al-N,0.516107795
Y-W-Bi-N,0.516336965
Ta-W-In-N,0.518286309
V-Sc-Fe-N,0.520811014
Zr-W-Sb-N,0.523013168
V-Sc-Co-N,0.523679949
Ti-W-Sb-N,0.525707355
W-Hf-Ni-N,0.526641765
Mn-W-Si-N,0.528069251
W-Mo-Bi-N,0.528452192
W-Hf-Fe-N,0.528871439
Cr-Hf-Fe-N,0.529514873
Cr-W-Tl-N,0.530696067
Ta-W-Al-N,0.530703331
Ta-W-Cd-N,0.5320629
Nb-W-Sb-N,0.534407117
Ti-Lu-Fe-N,0.536792685
Sc-W-Tl-N,0.537366522
Mn-Zr-Fe-N,0.538036079
Mo-Zr-Ni-N,0.540441145
Hf-W-Sb-N,0.5408159
Cr-Lu-Fe-N,0.544542803
Mn-Sc-Co-N,0.547239154
Mn-W-Bi-N,0.548106916
Mo-Ta-Pb-N,0.549447454
Mo-Sc-Co-N,0.549964625
Lu-W-Tl-N,0.551055982
Cr-Ta-Bi-N,0.551802216
W-Nb-Bi-N,0.552214636
Mo-Ta-Bi-N,0.552332985
W-Hf-Bi-N,0.553071198
Mn-W-Pb-N,0.555370131
W-V-Bi-N,0.558383427
Mo-W-Tl-N,0.558935437
W-Mn-Al-N,0.566464391
Mo-W-Al-N,0.56682046
W-Mo-Al-N,0.568677348
Cr-Lu-P-C,0.570000498
W-Zr-Co-N,0.570829697
Mo-Zr-Fe-N,0.576532082
W-Zr-Ni-N,0.576772344
Y-W-Pb-N,0.579759366
W-Sc-Cu-N,0.581874684
Hf-W-S-N,0.585715925
Zr-W-Tl-N,0.587969449
Ti-W-Tl-N,0.591698858
W-Sc-Ni-N,0.593642094
Cr-W-Al-N,0.596381051
Mn-Y-P-C,0.596527193
Cr-W-Pb-N,0.598242121
Sc-W-Pb-N,0.603174855
Ta-Lu-Co-N,0.605334107
Mo-W-Pb-N,0.610956141
Ta-W-S-N,0.619883649
Nb-W-Tl-N,0.621440683
Lu-W-Pb-N,0.621567143
V-W-Bi-N,0.625848096
W-W-Al-N,0.629288082
V-Lu-Fe-N,0.630044476
W-Sc-Fe-N,0.639093382
Mn-W-Al-N,0.639645779
Zr-W-Pb-N,0.656937001
Ti-W-Pb-N,0.657148595
Nb-W-Pb-N,0.66388122
Ta-W-Tl-N,0.669754043
W-Ta-Pb-N,0.686352181
Hf-W-Bi-N,0.692537648
W-Lu-Fe-N,0.705113367
Cr-Lu-Co-N,0.710848213
W-Ta-Bi-N,0.716511894
Mo-Lu-Co-N,0.726939574
Ta-W-Bi-N,0.741049861
Cr-Lu-Pb-C,1.500460544
